Actual,Predicted,Residual,Pct_Error
47700.0,63337.02303806244,-15637.023038062442,32.782018947720005
45800.0,90618.1158369841,-44818.1158369841,97.8561481156858
500001.0,272077.39829084836,227923.60170915164,45.58462917257199
218600.0,261622.71238520512,-43022.712385205115,19.681021219215513
278000.0,235108.99454968644,42891.00545031356,15.428419226731496
158700.0,149823.9399877074,8876.060012292612,5.592980474034412
198200.0,311337.3691534085,-113137.36915340851,57.08242641443416
157500.0,246075.7003055916,-88575.7003055916,56.238539876566094
340000.0,253033.64636093887,86966.35363906113,25.578339305606214
446600.0,422131.3305636359,24468.669436364085,5.478878064568761
123200.0,300608.0172977248,-177408.0172977248,144.00001404036104
253900.0,186526.18544437014,67373.81455562986,26.535570915962918
215100.0,72729.17930072112,142370.82069927888,66.18820116191486
220500.0,140022.56065074427,80477.43934925573,36.49770492029738
219800.0,256711.26181756146,-36911.26181756146,16.79311274684325
136200.0,105987.90135235948,30212.098647640523,22.18215759738658
178400.0,346293.9934423507,-167893.9934423507,94.11098287127282
187500.0,367449.9627202807,-179949.9627202807,95.97331345081636
139800.0,245739.3506066347,-105939.35060663469,75.77922074866574
137500.0,108508.48512322803,28991.514876771966,21.084738092197792
425000.0,291638.8757111698,133361.1242888302,31.379088067960048
405600.0,273759.912781972,131840.08721802803,32.504952469928014
138800.0,164698.99733217378,-25898.997332173778,18.65921997995229
500001.0,320540.10405555234,179460.89594444766,35.892107404674725
162100.0,199662.2963734406,-37562.29637344059,23.172298811499438
51400.0,96556.10354473359,-45156.10354473359,87.85234152671904
151300.0,139747.1250131428,11552.874986857205,7.635740242470063
94800.0,372722.3823614475,-277922.3823614475,293.1670700015269
204100.0,129832.1525186914,74267.8474813086,36.38797034850985
361500.0,334636.50238762924,26863.49761237076,7.431119671471856
85100.0,199791.4826991542,-114691.4826991542,134.77260011651492
138400.0,159735.44833069865,-21335.44833069865,15.415786366111742
137500.0,204846.64724083006,-67346.64724083006,48.97937981151277
465000.0,399650.8402792338,65349.15972076618,14.053582735648643
271800.0,239170.100101809,32629.89989819101,12.005114016994485
239400.0,229798.20622447593,9601.793775524071,4.010774342324173
340900.0,375085.017622542,-34185.017622541985,10.027872579214428
150400.0,185339.9016597528,-34939.901659752795,23.231317592920742
128100.0,196604.7901570896,-68504.79015708959,53.47758794464449
156000.0,274437.4142391828,-118437.41423918278,75.92141938409152
258100.0,284834.4330819012,-26734.433081901225,10.358168571058204
90500.0,181531.8109082277,-91031.8109082277,100.58763636268253
71300.0,311837.2971302061,-240537.29713020608,337.3594630157168
219700.0,194760.25082121085,24939.74917878915,11.35172925752806
151000.0,113370.66322640271,37629.336773597286,24.92009057854125
290100.0,159684.4085627414,130415.59143725861,44.95539173983406
142000.0,224403.26074357043,-82403.26074357043,58.030465312373536
291500.0,199069.33703449133,92430.66296550867,31.708632235165922
255400.0,222686.68969853563,32713.31030146437,12.808657126650106
98100.0,191982.06780187762,-93882.06780187762,95.70037492546139
251900.0,239728.4119894162,12171.5880105838,4.831912667957047
162100.0,168259.20304113202,-6159.203041132016,3.799631734196185
129400.0,235371.52408325888,-105971.52408325888,81.89453174904087
89400.0,76441.71202510362,12958.287974896375,14.494729278407577
150500.0,174389.85430301036,-23889.85430301036,15.873657344192932
133800.0,184537.9557283863,-50737.955728386296,37.92074419161906
80400.0,43023.23799664588,37376.76200335412,46.48850995442054
211100.0,254017.1797888601,-42917.179788860114,20.33026044000953
255600.0,306929.78624353936,-51329.78624353936,20.082075995124946
214500.0,186431.8593456883,28068.14065431169,13.085380258420368
500001.0,273764.2357948902,226236.7642051098,45.247262346497266
202100.0,227453.02005112276,-25353.02005112276,12.544789733361089
81500.0,49120.87113415921,32379.128865840787,39.72899247342428
98800.0,211119.55318834528,-112319.55318834528,113.68375828779887
281900.0,298429.12740716466,-16529.127407164662,5.86347194294596
184600.0,175312.38493933209,9287.615060667915,5.03121075875835
254700.0,203638.46943050702,51061.530569492985,20.047715182368663
143100.0,99370.05271728682,43729.94728271318,30.559012776179724
162500.0,97908.7266579195,64591.2733420805,39.74847590281877
142600.0,376759.20700187626,-234159.20700187626,164.20701753287256
85900.0,107012.34504801355,-21112.34504801355,24.57781728523114
186900.0,256335.57946632453,-69435.57946632453,37.15119286587723
71300.0,139369.11802067686,-68069.11802067686,95.46860872465199
174400.0,189678.69128694257,-15278.691286942572,8.760717481045054
225000.0,220905.31354740518,4094.6864525948185,1.8198606455976971
146500.0,202574.5700748789,-56074.570074878895,38.2761570476989
405000.0,319445.6480368887,85554.35196311132,21.124531348916374
189600.0,211362.22170798547,-21762.221707985474,11.477965035857318
164400.0,304597.9517604309,-140197.95176043088,85.27855946498228
337500.0,354632.01893197827,-17132.018931978266,5.07615375762319
72500.0,110372.84505460554,-37872.84505460554,52.23840697186971
143800.0,209931.6324983224,-66131.6324983224,45.98861787087789
160000.0,140880.46038572676,19119.539614273235,11.949712258920773
118100.0,106696.7112734757,11403.288726524304,9.655621275634466
374000.0,385326.6182970881,-11326.618297088076,3.0285075660663305
202700.0,297825.38753103965,-95125.38753103965,46.92915023731606
96600.0,70723.44491575882,25876.555084241176,26.787324103769333
65800.0,116133.82753892755,-50333.82753892755,76.495178630589
167400.0,129184.79699458492,38215.20300541508,22.828675630474958
179800.0,155284.05474017322,24515.94525982678,13.635119721816896
96700.0,186031.6234902691,-89331.62349026909,92.38016906956473
266100.0,216801.08005440483,49298.919945595175,18.52646371499255
91100.0,352786.7294355945,-261686.72943559452,287.25217281623986
49800.0,66122.26473060856,-16322.264730608556,32.77563198917381
90700.0,104394.17010511625,-13694.170105116253,15.09831323607084
115800.0,100200.23461967875,15599.765380321245,13.471299983006258
278600.0,248744.28724094474,29855.712759055255,10.716336237995426
250000.0,204808.66169054288,45191.33830945712,18.076535323782846
85000.0,204642.32094883622,-119642.32094883622,140.7556717045132
177000.0,195413.44086517906,-18413.440865179058,10.403073935129411
99700.0,130351.12719471622,-30651.127194716217,30.743357266515766
357600.0,415017.00783306395,-57417.00783306395,16.0562102441454
475000.0,289020.97509554727,185979.02490445273,39.153478927253204
273600.0,439213.8903521355,-165613.89035213552,60.53139267256415
182400.0,246653.6713108774,-64253.6713108774,35.22679348184068
157800.0,179066.0342640915,-21266.03426409149,13.476574311845049
193800.0,239480.92722591007,-45680.92722591007,23.57116987921056
333600.0,403575.7403504421,-69975.74035044212,20.975941352051
264600.0,202470.09743457046,62129.90256542954,23.48068880023792
58400.0,110539.82248697475,-52139.82248697475,89.28051795714855
173400.0,140701.34716150496,32698.652838495036,18.85735457814016
214800.0,294744.87680362584,-79944.87680362584,37.2182852903286
200000.0,1204097.9208791642,-1004097.9208791642,502.0489604395821
422800.0,341782.0568003168,81017.94319968321,19.162238221306342
93600.0,144464.47961374134,-50864.479613741336,54.34239274972364
122200.0,228350.26388925881,-106150.26388925881,86.86600972934436
167600.0,323802.75051865086,-156202.75051865086,93.19973181303752
303600.0,324884.0810678855,-21284.081067885505,7.010566886655305
269300.0,293450.5675978142,-24150.567597814195,8.967904789385145
264400.0,201222.6812997722,63177.3187002278,23.8945986006913
191000.0,161238.41749719012,29761.582502809877,15.581980367963286
153800.0,249896.52181475793,-96096.52181475793,62.48148362468006
275500.0,288495.7539896135,-12995.753989613499,4.717152083344282
208800.0,124375.13235437022,84424.86764562978,40.43336573066561
142300.0,154420.4673878612,-12120.467387861194,8.517545599340263
63500.0,156581.515279693,-93081.515279693,146.58506343258742
95800.0,36492.03613650301,59307.96386349699,61.90810424164612
231700.0,181434.87455487088,50265.12544512912,21.694055004371652
221500.0,220553.3989334668,946.6010665332142,0.4273593979833924
89500.0,138048.20547134304,-48548.20547134304,54.24380499591401
226000.0,243720.0308942057,-17720.0308942057,7.840721634604293
500001.0,755900.7725937604,-255899.7725937604,51.179852159047755
270200.0,290989.93990983925,-20789.939909839246,7.6942782789930595
59600.0,247865.4599019274,-188265.4599019274,315.88164413075066
193300.0,186892.62954001786,6407.370459982136,3.3147286394113484
133600.0,109022.43518587935,24577.564814120647,18.396380848892697
161900.0,309098.66134878935,-147198.66134878935,90.91949434761541
357500.0,236450.02517233632,121049.97482766368,33.8601328189269
276500.0,172209.55436785723,104290.44563214277,37.71806351976231
410700.0,244379.6324322543,166320.3675677457,40.496802427013805
375000.0,226307.9997629086,148692.0002370914,39.651200063224366
135200.0,148221.88880237698,-13021.888802376983,9.631574557971142
167200.0,171639.3435658065,-4439.343565806514,2.6551097881617904
252000.0,190722.77631051408,61277.22368948592,24.31635860693886
308400.0,374266.5023473946,-65866.50234739459,21.35749103352613
172100.0,80949.94060789942,91150.05939210058,52.96342788617117
500001.0,331265.6540280557,168735.34597194428,33.747001700385454
193800.0,334304.8839960359,-140504.8839960359,72.49994014243339
105200.0,90203.49193499984,14996.508065000162,14.255235803232095
90800.0,371840.3238238321,-281040.3238238321,309.5157751363789
168800.0,173138.61115751415,-4338.611157514155,2.5702672734088594
162100.0,159186.79252018436,2913.207479815639,1.797166859849253
161200.0,260629.237055904,-99429.237055904,61.68066814882383
137500.0,154609.49402857127,-17109.494028571266,12.443268384415466
289300.0,246861.29356001233,42438.70643998767,14.669445710331031
278700.0,277040.0853069738,1659.9146930262214,0.5955919243007612
161700.0,215335.20861579443,-53635.20861579443,33.16957861211777
231000.0,286570.2392337448,-55570.2392337448,24.056380620668744
87500.0,187221.92387502946,-99721.92387502946,113.96791300003366
95700.0,100840.16936721026,-5140.169367210256,5.371127865423465
240600.0,368319.8475968399,-127719.84759683989,53.08389343177053
214100.0,182671.51229361357,31428.487706386426,14.679349699386467
428600.0,365423.56220679625,63176.437793203746,14.740186139338253
125000.0,580688.6205488679,-455688.62054886785,364.5508964390943
76400.0,132509.92558499915,-56109.925584999146,73.44231097512977
263800.0,274823.2677577019,-11023.26775770192,4.178645852047733
120400.0,199965.9931804883,-79565.9931804883,66.08471194392716
109100.0,229191.61441818206,-120091.61441818206,110.07480698275165
170600.0,169836.0170560967,763.9829439033056,0.4478211863442588
257400.0,230173.46838927415,27226.531610725855,10.577518108285103
320000.0,280835.78450806334,39164.21549193666,12.238817341230206
289600.0,291057.8510145265,-1457.8510145265027,0.5034015934138476
307300.0,284948.91339315363,22351.086606846366,7.273376702520783
325500.0,358362.58873036667,-32862.58873036667,10.096033404106503
58400.0,58603.32589124722,-203.3258912472229,0.34816077268360085
48500.0,171559.39021477086,-123059.39021477086,253.73070147375435
216700.0,449426.55517046375,-232726.55517046375,107.39573381193527
97900.0,94441.14950084026,3458.850499159744,3.533044432236715
158600.0,163581.60762222225,-4981.607622222247,3.140988412498264
69000.0,58525.70171146977,10474.298288530234,15.180142447145267
322300.0,326185.06170670956,-3885.061706709559,1.205417842603028
467700.0,321398.617497278,146301.38250272197,31.281031110267687
163000.0,206225.80417152916,-43225.80417152916,26.518898264741818
287100.0,263147.00169597036,23952.998304029636,8.34308544201659
54600.0,105309.88202967712,-50709.882029677115,92.87524181259545
90400.0,195922.8075126847,-105522.8075126847,116.72876937243883
155500.0,157631.07747882075,-2131.077478820749,1.370467832039067
175000.0,153759.93303160532,21240.066968394676,12.137181124796957
411200.0,415077.9475473043,-3877.9475473043276,0.9430806292082509
332100.0,216333.08081306145,115766.91918693855,34.85905425683185
141200.0,238091.38527607697,-96891.38527607697,68.61996124368058
247100.0,370692.2641423172,-123592.26414231717,50.01710406407008
153000.0,71316.3064277375,81683.6935722625,53.38803501455066
155000.0,240072.17342761782,-85072.17342761782,54.885273179108275
390800.0,97655.96015040533,293144.0398495947,75.01126915291574
90000.0,142444.65413451174,-52444.654134511744,58.27183792723527
196700.0,223463.82410309013,-26763.824103090126,13.606417947681813
68200.0,178434.087072567,-110234.087072567,161.63355875742963
500001.0,518458.1441365733,-18457.144136573304,3.6914214444717723
92100.0,188845.11969923298,-96745.11969923298,105.04356101979693
297900.0,217091.1179093734,80808.8820906266,27.126177271106616
500001.0,495856.3756244597,4144.6243755402975,0.828923217261625
332300.0,281392.5733097275,50907.42669027252,15.319719136404611
171100.0,217949.09242781127,-46849.092427811265,27.38111772519653
152100.0,190788.69465489255,-38688.69465489255,25.436354145228503
232000.0,195294.81567597765,36705.18432402235,15.821200139664807
127100.0,87740.5125660827,39359.4874339173,30.967338657684735
87500.0,34064.89154056093,53435.10845943907,61.06869538221608
203400.0,244087.06946285258,-40687.06946285258,20.00347564545358
228600.0,183729.26518060805,44870.734819391946,19.62849292186874
116700.0,171107.46532699652,-54407.46532699652,46.62164980890876
416700.0,562407.0855812975,-145707.08558129752,34.96690318725643
227600.0,282226.13195320364,-54626.13195320364,24.000936710546416
267900.0,317013.3718662541,-49113.37186625408,18.332725593973155
97200.0,191731.9393647067,-94531.93936470669,97.25508165093281
137500.0,178876.45148244884,-41376.45148244884,30.09196471450825
198800.0,184582.2475192499,14217.752480750089,7.151786962147932
68600.0,68761.1413208706,-161.14132087060716,0.23489988465103087
352500.0,242556.08973711682,109943.91026288318,31.189761776704444
103800.0,155052.05930754208,-51252.05930754208,49.375779679712984
107800.0,104076.12347257687,3723.8765274231264,3.454430915976926
131700.0,164034.1240763931,-32334.124076393113,24.5513470587647
271300.0,278209.77878155396,-6909.778781553963,2.546914405290808
97300.0,183276.8819040281,-85976.8819040281,88.3626741048593
95000.0,174708.93962860623,-79708.93962860623,83.90414697748024
67500.0,129648.92374355168,-62148.923743551684,92.07247962007656
326100.0,277772.9810046658,48327.01899533422,14.819693037514325
65600.0,113765.70725244186,-48165.70725244186,73.42333422628332
225600.0,244192.59525845508,-18592.595258455083,8.241398607471224
263800.0,257124.65930682817,6675.340693171835,2.530455152832386
348300.0,267523.62520121894,80776.37479878106,23.19160918713209
325000.0,211562.83182337874,113437.16817662126,34.903744054345005
108800.0,154376.9482909454,-45576.94829094541,41.890577473295416
400000.0,284296.0940651882,115703.9059348118,28.925976483702954
138400.0,118809.87914060903,19590.12085939097,14.15471160360619
61000.0,88655.64011248657,-27655.640112486566,45.337114938502566
453100.0,383316.9441495372,69783.05585046281,15.401248256557674
500001.0,451648.96895443933,48352.03104556067,9.670386868338397
120200.0,184344.28046057402,-64144.280460574024,53.36462600713313
329200.0,267993.1217913997,61206.878208600276,18.592611849514057
196300.0,253637.1771316553,-57337.177131655306,29.208954218876876
150000.0,129372.8096190542,20627.1903809458,13.751460253963868
152000.0,196245.83313055322,-44245.83313055322,29.10910074378501
169900.0,185492.588918899,-15592.588918899011,9.177509663860512
137500.0,157512.57005004154,-20012.57005004154,14.554596400030212
283000.0,257008.97740465275,25991.022595347255,9.184106924150974
404500.0,295066.7866058604,109433.2133941396,27.05394645096158
193500.0,271235.47435372183,-77735.47435372183,40.17337175902937
205100.0,283847.09408961766,-78747.09408961766,38.394487610735084
145600.0,160727.99941055762,-15127.999410557619,10.39010948527309
225000.0,78775.42709883634,146224.57290116366,64.98869906718386
215900.0,234756.6935334148,-18856.6935334148,8.733994225759519
158500.0,197638.5957085309,-39138.59570853089,24.69312032083968
124700.0,152816.90277004158,-28116.902770041575,22.547636543738232
65400.0,34486.79075659011,30913.20924340989,47.267904041911144
280200.0,251356.8547572434,28843.14524275661,10.293770607693295
180500.0,176390.4811842076,4109.5188157923985,2.2767417262007745
105400.0,127543.85288307344,-22143.852883073443,21.009348086407442
100000.0,99608.95695742016,391.0430425798404,0.3910430425798404
166300.0,235532.2322851778,-69232.2322851778,41.63092741141179
158000.0,260444.9632643355,-102444.9632643355,64.83858434451614
243800.0,250778.81229046767,-6978.812290467671,2.862515295515862
362900.0,385704.69879508094,-22804.69879508094,6.284017303687225
201900.0,229162.48739295258,-27262.48739295258,13.502965523998306
52600.0,113103.2059576028,-60503.2059576028,115.02510638327527
500001.0,302610.6665019435,197390.3334980565,39.477987743635815
112000.0,164197.5079604151,-52197.507960415096,46.60491782179919
225000.0,218334.2968445955,6665.70315540451,2.9625347357353378
439900.0,376022.2926344591,63877.707365540904,14.520960983300956
88300.0,161190.44234737943,-72890.44234737943,82.54863232998802
500001.0,705604.8388658654,-205603.83886586537,41.12068553180201
276800.0,221830.9097745505,54969.0902254495,19.85877537046586
179200.0,194316.29497859706,-15116.294978597056,8.435432465734964
199700.0,209967.22620750032,-10267.226207500324,5.141325091387243
132000.0,149523.8446539031,-17523.8446539031,13.275639889320528
61300.0,245735.2497544129,-184435.2497544129,300.8731643628269
171900.0,269211.9912048302,-97311.99120483018,56.60965166075054
123800.0,128459.93071032976,-4659.9307103297615,3.7640797337074003
135300.0,148925.1992661255,-13625.199266125506,10.070361615761646
137100.0,199649.84091156666,-62549.84091156666,45.62351634687575
129300.0,178681.60982562014,-49381.60982562014,38.191500251833055
227900.0,244361.4759243548,-16461.475924354803,7.223113613143836
94400.0,97240.48612255955,-2840.4861225595523,3.0089895366096955
103500.0,207347.82624277764,-103847.82624277764,100.33606400268371
320800.0,249605.6633655749,71194.3366344251,22.192748327439244
125000.0,358444.92929780524,-233444.92929780524,186.7559434382442
332400.0,329052.8694095324,3347.1305904675974,1.0069586613921773
159100.0,151317.65970329684,7782.340296703158,4.891477244942274
236900.0,299846.8983255261,-62946.8983255261,26.571084139099238
461600.0,438061.19982905244,23538.800170947565,5.09939345124514
156900.0,178636.93701633145,-21736.937016331445,13.85400702124375
148200.0,113715.47823211411,34484.52176788589,23.268908075496554
166500.0,205058.38899855618,-38558.388998556184,23.158191590724435
196900.0,186931.79843091973,9968.201569080265,5.062570629294193
167800.0,190007.7703047694,-22207.770304769394,13.234666450994872
126700.0,54855.59530348817,71844.40469651183,56.70434466970152
500001.0,288101.19972410187,211899.80027589813,42.37987529542904
57900.0,72900.15491017525,-15000.154910175246,25.907003299093688
238000.0,245296.91021103488,-7296.910211034876,3.0659286600986873
142000.0,243727.23665042303,-101727.23665042303,71.63889904959369
86900.0,49623.23723862387,37276.76276137613,42.89615967937414
56000.0,84173.19806347639,-28173.19806347639,50.309282256207844
500001.0,381213.78798767016,118787.21201232984,23.757394887676192
112400.0,170591.1870942195,-58191.187094219495,51.77151876709919
63600.0,121848.66468192449,-58248.66468192449,91.58595075774292
431300.0,396983.1499310341,34316.85006896593,7.956607945505663
265900.0,210454.02606673143,55445.97393326857,20.852190272007736
58000.0,68883.53966369035,-10883.539663690346,18.764723558086803
194100.0,284711.26863643096,-90611.26863643096,46.68277621660534
142800.0,180978.2766271182,-38178.276627118204,26.73548783411639
178700.0,164483.12762342018,14216.87237657982,7.955720412187923
187500.0,123696.09859868267,63803.90140131733,34.02874741403591
225000.0,259633.51256589137,-34633.512565891375,15.392672251507278
313000.0,268124.38712466264,44875.61287533736,14.337256509692448
500001.0,660148.7198258154,-160147.7198258154,32.02947990620327
153600.0,194257.61014211364,-40657.61014211364,26.46979826960523
62300.0,85134.45878456059,-22834.458784560586,36.65242180507317
194500.0,253969.81124495022,-59469.81124495022,30.57573842928032
163900.0,178855.84425663255,-14955.844256632554,9.124981242606806
398800.0,296348.080056607,102451.91994339298,25.690050136257014
204100.0,257975.9510913522,-53875.95109135221,26.39684031913386
199300.0,269620.57535609213,-70320.57535609213,35.28378091123539
176700.0,198581.16403531932,-21881.16403531932,12.383228090163737
500001.0,451047.0783223773,48953.92167762271,9.790764753995035
248900.0,258341.02998916322,-9441.029989163217,3.79310164289402
150000.0,161402.29948311532,-11402.29948311532,7.601532988743546
231700.0,174833.40235320022,56866.59764679978,24.543201401294684
58000.0,63484.14894006771,-5484.148940067709,9.45542920701329
126000.0,170015.0200665057,-44015.020066505705,34.932555608337864
163300.0,186365.11872605362,-23065.118726053624,14.124383788152862
113400.0,124168.18085577665,-10768.180855776649,9.495750313736021
300000.0,196957.78594434052,103042.21405565948,34.34740468521983
310900.0,295244.06833011186,15655.931669888145,5.035680820163443
218800.0,207274.25894690384,11525.741053096164,5.2677061485814285
70400.0,111956.90634258062,-41556.90634258062,59.029696509347474
237700.0,293793.65347842756,-56093.65347842756,23.598507984193333
118800.0,136349.2486560854,-17549.2486560854,14.772094828354716
73100.0,37404.820911540475,35695.179088459525,48.830614348097846
75000.0,73458.91217095387,1541.087829046126,2.054783772061501
450700.0,394760.02396619157,55939.97603380843,12.411798543112587
240200.0,214869.13264238776,25330.86735761224,10.54573994904756
65800.0,82650.9344685128,-16850.9344685128,25.609322900475384
64700.0,75074.13360198942,-10374.133601989422,16.034209585764177
175100.0,253509.36153583426,-78409.36153583426,44.77976101418291
223700.0,216113.33678566566,7586.663214334345,3.3914453349728855
96300.0,104300.26217870731,-8000.262178707315,8.30764504538662
405100.0,321760.34285947867,83339.65714052133,20.572613463471075
376800.0,296784.701180767,80015.29881923302,21.235482701494966
500001.0,562570.7416281113,-62569.74162811134,12.513923297775673
350000.0,230112.24112637134,119887.75887362866,34.25364539246533
162500.0,130545.34339088714,31954.656609112862,19.664404067146375
177300.0,224071.99549272505,-46771.99549272505,26.380144101931783
98400.0,130376.74970977787,-31976.74970977787,32.49669685953035
138800.0,68539.09409535909,70260.90590464091,50.62024921083639
175000.0,244354.96680984867,-69354.96680984867,39.631409605627816
260900.0,206191.22397412563,54708.776025874366,20.969251063961046
104700.0,86675.27576290713,18024.724237092872,17.21559143943923
159500.0,237703.90346888892,-78203.90346888892,49.030660482062025
295900.0,276082.8799501674,19817.12004983262,6.697235569392572
137500.0,224115.33623602707,-86615.33623602707,62.99297180801968
500001.0,351277.36807617405,148723.63192382595,29.744666895431397
227000.0,256680.36475553588,-29680.364755535877,13.075050553099505
263900.0,223150.3514440769,40749.64855592311,15.441321923426718
160400.0,126824.02944003895,33575.970559961046,20.93264997503806
142000.0,198256.46104421373,-56256.461044213735,39.617226087474464
162500.0,221143.74969806563,-58643.74969806563,36.08846135265577
230400.0,209779.402400142,20620.59759985801,8.94991215271615
500001.0,391997.99608284165,108003.00391715835,21.600557582316505
217700.0,261846.5815198082,-44146.58151980821,20.278631841896285
183000.0,233869.05130859886,-50869.051308598864,27.79729579704856
245800.0,186784.379978382,59015.620021618,24.009609447362898
129200.0,131251.94989530614,-2051.949895306141,1.5881965133948461
60400.0,26995.66410226139,33404.33589773861,55.30519188367319
67500.0,162967.9727453019,-95467.9727453019,141.43403369674357
295200.0,267118.27415375615,28081.725846243848,9.512779758212686
192600.0,269328.4096810048,-76728.40968100482,39.83821894133168
150600.0,201727.3107927391,-51127.310792739096,33.94907755161958
125700.0,158084.65045343403,-32384.650453434035,25.763445070353246
63400.0,103013.9366862856,-39613.9366862856,62.48254997836845
151300.0,187481.73275599245,-36181.732755992445,23.91390135888463
245600.0,303256.4013528423,-57656.40135284228,23.47573344985435
500001.0,546252.0274897468,-46251.027489746804,9.250186997575366
165500.0,229201.9403874642,-63701.94038746419,38.490598421428516
113500.0,104219.8963585808,9280.103641419206,8.176302767770226
322200.0,235676.54087784703,86523.45912215297,26.85396000066821
362500.0,296421.78451330506,66078.21548669494,18.22847323770895
69600.0,66169.34035943553,3430.659640564467,4.929108678971935
156100.0,185488.20119612472,-29388.20119612472,18.826522226857602
87500.0,173229.79777427408,-85729.79777427408,97.97691174202751
193100.0,217242.41906948524,-24142.419069485244,12.5025474207588
218000.0,244534.97973224998,-26534.97973224998,12.172009051490816
101800.0,154919.53203850638,-53119.53203850638,52.1802868747607
129100.0,146741.25295075634,-17641.252950756345,13.664797018401506
156300.0,99737.12985653164,56562.87014346836,36.188656521732796
183200.0,219331.68888022946,-36131.688880229456,19.722537598378523
148100.0,178510.97956257133,-30410.97956257133,20.534084782289895
500001.0,701361.9315886148,-201360.93158861483,40.27210577351142
222100.0,313507.6128672665,-91407.61286726652,41.15606162416323
167600.0,228545.58460816284,-60945.58460816284,36.36371396668427
184500.0,196604.47475843842,-12104.474758438417,6.560690925982882
370000.0,257467.10047152356,112532.89952847644,30.414297169858497
239400.0,234822.34152750205,4577.6584724979475,1.9121380419790925
166700.0,211427.31155383273,-44727.311553832726,26.831020728154005
233300.0,163593.6026002277,69706.39739977231,29.878438662568495
240000.0,204955.85538000852,35044.14461999148,14.60172692499645
91300.0,109828.13040825716,-18528.13040825716,20.293680622406526
483500.0,416090.74198564154,67409.25801435846,13.941935473497097
150500.0,216208.38396878142,-65708.38396878142,43.66005579321025
99500.0,83165.5699993408,16334.430000659195,16.416512563476577
240200.0,201204.13393226487,38995.86606773513,16.234748571080402
95500.0,189120.40507185753,-93620.40507185753,98.03183777157857
500001.0,495330.83515352604,4670.164846473956,0.9340311012325887
251600.0,248150.56273303268,3449.4372669673176,1.3710005035641166
120800.0,135000.57575646276,-14200.575756462757,11.755443507005593
135700.0,146980.73639233308,-11280.736392333085,8.312996604519592
225400.0,268664.5816834819,-43264.58168348193,19.19457927394939
500001.0,272135.3824421072,227865.6175578928,45.57303236551383
85100.0,121978.05306287677,-36878.053062876774,43.33496247106554
500001.0,312360.00470747316,187640.99529252684,37.528124002257364
164800.0,189674.3766501965,-24874.3766501965,15.093675151818264
111600.0,125774.88132906856,-14174.881329068565,12.701506567265739
161000.0,146950.91944694734,14049.080553052656,8.7261369894737
213700.0,196847.03462024295,16852.96537975705,7.886272990059452
116500.0,128179.69843851897,-11679.698438518972,10.025492221904697
350000.0,481440.1230869276,-131440.12308692758,37.55432088197931
159900.0,240047.48082585813,-80147.48082585813,50.12350270535217
438300.0,219578.17685541426,218721.82314458574,49.902309638281025
171100.0,245421.29783489904,-74321.29783489904,43.437345315545905
271100.0,280397.2945979491,-9297.294597949076,3.429470526724115
500001.0,164936.49492561043,335064.50507438957,67.01276698934393
68000.0,96852.39184554962,-28852.391845549617,42.4299880081612
191700.0,191181.7818752063,518.2181247936969,0.2703276602992681
255900.0,285073.92223230033,-29173.922232300334,11.400516698827797
112500.0,174862.73013462976,-62362.73013462976,55.43353789744868
182200.0,204509.31078800018,-22309.310788000177,12.244407677277815
347600.0,306937.2526159745,40662.74738402548,11.698143666290415
332000.0,282688.404831222,49311.595168777974,14.852890111077702
110900.0,104296.77525223904,6603.2247477609635,5.954215282020706
211900.0,223526.50133146765,-11626.501331467647,5.486786848262222
262500.0,249193.77851904364,13306.22148095636,5.069036754650042
237900.0,228956.92928006692,8943.070719933079,3.759172223595241
90000.0,183110.39702443403,-93110.39702443403,103.45599669381559
427200.0,268964.022916069,158235.97708393098,37.040256808036276
370500.0,309180.63671273534,61319.363287264656,16.55043543515915
116300.0,117670.51482000395,-1370.5148200039548,1.1784306276904168
170800.0,162134.22121008416,8665.778789915843,5.0736409777024845
285500.0,326577.4726665175,-41077.47266651748,14.38790636305341
111500.0,153250.8674721897,-41750.86747218971,37.444724190304676
83200.0,126587.99976489412,-43387.99976489412,52.14903817895929
248200.0,250656.50792127853,-2456.507921278535,0.9897292188874033
395500.0,290319.22496872774,105180.77503127226,26.59438053888047
218300.0,210304.75356846538,7995.246431534615,3.662504091403855
500001.0,383424.0584703358,116576.94152966421,23.315341675249492
88900.0,107171.11022122754,-18271.110221227544,20.552429945137845
181000.0,199740.50181351078,-18740.501813510782,10.353868405254575
280900.0,290087.03313383844,-9187.033133838442,3.270570713363632
345300.0,213943.67533559733,131356.32466440267,38.04121768444908
181000.0,212669.19065998707,-31669.19065998707,17.49679041988236
192200.0,270524.5183785478,-78324.5183785478,40.75157043628918
78100.0,59991.736702229566,18108.263297770434,23.18599654003897
75000.0,67100.94415903246,7899.055840967543,10.532074454623391
433300.0,397750.87016931735,35549.12983068265,8.20427644373013
160100.0,133967.55493024137,26132.44506975863,16.322576558250237
109200.0,140280.16439301602,-31080.16439301602,28.461689004593428
96200.0,127342.4018429456,-31142.401842945605,32.372559088301045
191400.0,155035.42700973083,36364.57299026917,18.999254435877308
360000.0,271457.87133633206,88542.12866366794,24.59503573990776
185600.0,250476.43121076532,-64876.431210765324,34.954973712696834
118800.0,102168.4272419436,16631.572758056398,13.999640368734342
122700.0,130417.52024392797,-7717.520243927967,6.289747550063543
206300.0,176509.1768253324,29790.823174667603,14.44053474293146
195600.0,151374.46090347244,44225.53909652756,22.610193812130653
75600.0,177740.9796253589,-102140.97962535889,135.1071159065594
104300.0,111654.63383006748,-7354.633830067483,7.051422655865276
385900.0,254139.31757862546,131760.68242137454,34.143737346819
113900.0,198079.8836163322,-84179.8836163322,73.90683372812309
79400.0,156330.66743239504,-76930.66743239504,96.89000936069905
81300.0,75448.08939944525,5851.910600554751,7.197922017902522
129200.0,191560.65234054637,-62360.65234054637,48.26675877751267
73500.0,41556.95376494515,31943.046235054848,43.45992685041476
175900.0,248308.26305602974,-72408.26305602974,41.16444744515619
142400.0,186288.4774976018,-43888.477497601794,30.8205600404507
234100.0,206364.2456479183,27735.754352081713,11.84782330289693
286700.0,265452.66318475385,21247.336815246148,7.4109999355584755
92500.0,128105.45321902454,-35605.45321902454,38.492381858404904
170100.0,202563.87307593803,-32463.873075938027,19.08516935681248
161800.0,184709.93614378414,-22909.936143784143,14.159416652524193
225300.0,268879.83549149137,-43579.835491491365,19.343025073897632
170600.0,138311.3947943707,32288.605205629312,18.926497775867123
319400.0,242017.98454729922,77382.01545270078,24.227306027771064
95800.0,113318.4800455533,-17518.480045553297,18.286513617487785
73400.0,88062.94488729647,-14662.944887296471,19.976764151630068
93600.0,152985.86054209337,-59385.860542093375,63.446432203091206
51700.0,49556.91430278224,2143.085697217757,4.145233456900884
358700.0,248293.9478745335,110406.0521254665,30.779495992602868
64700.0,77850.7001540357,-13150.700154035701,20.32565711597481
344200.0,312290.2882150329,31909.711784967105,9.270689071751047
314000.0,327667.7880538814,-13667.788053881377,4.352798743274324
185700.0,199366.6687886584,-13666.668788658397,7.359541620171457
279300.0,280008.1690748699,-708.1690748698893,0.2535514052523771
119400.0,217804.3412029746,-98404.34120297461,82.41569614989498
280400.0,284518.5078979555,-4118.507897955482,1.4687973958471763
187100.0,170493.23021982049,16606.769780179515,8.875879091490923
83800.0,78723.9830082636,5076.016991736396,6.057299512811929
309300.0,235506.61203576732,73793.38796423268,23.858192034992783
229200.0,329617.44075247203,-100417.44075247203,43.81214692516232
245000.0,204724.1261592103,40275.87384078969,16.43913217991416
227600.0,315452.7330480127,-87852.73304801271,38.59961908963652
500001.0,306820.5626413869,193180.43735861313,38.63601019970223
320800.0,225838.256716891,94961.74328310901,29.601540923662412
147300.0,142526.0564512064,4773.943548793613,3.2409664282373476
162300.0,246337.90069826366,-84037.90069826366,51.779359641567254
265900.0,315351.8145577464,-49451.8145577464,18.597899419987364
500001.0,375211.0544600477,124789.94553995231,24.95793919211208
189100.0,251071.05257044293,-61971.05257044293,32.771577245078234
316400.0,339853.2002982946,-23453.2002982946,7.4125158970589755
181900.0,156382.56425997821,25517.435740021785,14.028276932392405
261500.0,244163.07723082008,17336.922769179917,6.629798382095571
69000.0,46300.164380167174,22699.835619832826,32.89831249251134
181300.0,184460.92090065082,-3160.920900650817,1.743475400248658
293000.0,272933.28963571024,20066.710364289756,6.848706608972613
111100.0,163064.2766761977,-51964.27667619771,46.772526261204064
218300.0,277114.1030270301,-58814.10302703013,26.94187037426941
147200.0,154902.57995782356,-7702.57995782356,5.2327309496083965
243800.0,153567.87160477473,90232.12839522527,37.01071714324252
223000.0,188150.61117889686,34849.388821103144,15.627528619328764
137500.0,103904.91627627032,33595.08372372968,24.432788162712495
60600.0,80569.92339131844,-19969.923391318443,32.95366896257169
275000.0,6123.51841963781,268876.4815803622,97.77326602922261
350000.0,171706.14047109504,178293.85952890496,50.94110272254427
171200.0,158528.17765682255,12671.822343177453,7.401765387370007
83500.0,189488.71635242167,-105988.71635242167,126.93259443403792
225000.0,243650.6921441931,-18650.692144193104,8.289196508530267
165600.0,180135.0295345583,-14535.0295345583,8.777191747921679
152000.0,206148.57879188604,-54148.578791886044,35.62406499466187
192000.0,195918.80584389262,-3918.8058438926237,2.0410447103607416
254200.0,294333.3383753854,-40133.338375385385,15.788095348302669
150000.0,91186.000948495,58813.999051505,39.20933270100333
212500.0,235812.89044609395,-23312.890446093952,10.970771974632449
80400.0,62741.28156570371,17658.718434296286,21.96358014215956
206500.0,283169.9076446673,-76669.90764466731,37.12828457368877
331100.0,324648.7920913698,6451.2079086301965,1.9484167649139825
201400.0,285259.344447555,-83859.34444755502,41.638204790245794
188400.0,170892.79452752764,17507.205472472357,9.292571906832462
195400.0,232700.09024265787,-37300.09024265787,19.089094289998908
442500.0,404126.6858909896,38373.31410901039,8.671935391866754
152700.0,244233.72574494596,-91533.72574494596,59.94350081528877
500001.0,532150.0322986406,-32149.03229864058,6.429793600140917
239800.0,284370.0649330037,-44570.06493300368,18.586349012928977
159400.0,98897.58925239663,60502.41074760337,37.956343003515286
91800.0,100285.68177961148,-8485.681779611477,9.24366206929355
240900.0,255914.97253072372,-15014.972530723724,6.232865309557378
136400.0,116943.16756938069,19456.83243061931,14.26453990514612
103600.0,156665.67826813005,-53065.678268130054,51.221697170009705
132500.0,138985.48283863874,-6485.482838638738,4.894704029161312
292900.0,236373.6264277508,56526.3735722492,19.298864312819802
62800.0,127344.86288898929,-64544.862888989286,102.77844409074729
112100.0,195429.3090749633,-83329.3090749633,74.33479846116262
89100.0,128174.05969612362,-39074.059696123615,43.85416351977959
120700.0,89944.21739958267,30755.782600417326,25.481178625035067
471400.0,283811.1728807343,187588.82711926568,39.79398114536819
314700.0,297960.4023830993,16739.59761690069,5.3192239011441655
226400.0,256923.48165439384,-30523.481654393836,13.48210320423756
409700.0,279761.78764257795,129938.21235742205,31.715453345721762
149000.0,140171.51372566528,8828.486274334718,5.925158573379006
171700.0,290284.32556287583,-118584.32556287583,69.06483725269413
235500.0,313850.3023337006,-78350.30233370059,33.269767445308105
322800.0,273438.99716679077,49361.00283320923,15.29151264969307
244500.0,273031.05411860545,-28531.054118605447,11.669142788795684
162200.0,220608.20056359706,-58408.200563597056,36.009988017014216
340900.0,346319.39198008185,-5419.391980081855,1.5897307069761966
57400.0,53841.690003998694,3558.309996001306,6.1991463344970485
198900.0,216891.70285055964,-17991.70285055964,9.045602237586547
109700.0,218137.55714838696,-108437.55714838696,98.8491860969799
137500.0,133565.18098836907,3934.819011630927,2.8616865539134015
85700.0,170052.53095962098,-84352.53095962098,98.42769073468027
98300.0,95989.01521527131,2310.9847847286874,2.3509509508938833
178200.0,210680.95467285137,-32480.954672851367,18.22724729116238
137500.0,135427.65259614354,2072.34740385646,1.5071617482592436
275000.0,255420.9160300782,19579.083969921805,7.119666898153383
381500.0,317969.5533294438,63530.44667055621,16.652803845493107
500001.0,402996.87434298045,97004.12565701955,19.400786329831252
500001.0,495878.77318192,4122.226818080002,0.824443714728571
179200.0,150834.93928992227,28365.060710077727,15.828716914105875
204500.0,208244.82035733166,-3744.820357331657,1.8312079986951866
394100.0,353874.92998801835,40225.07001198165,10.206818069520844
184400.0,194217.83618504487,-9817.836185044871,5.324206174102425
174000.0,192520.38473590172,-18520.384735901724,10.643899273506738
80700.0,86000.2568738295,-5300.256873829494,6.567852383927502
189600.0,247231.2045379956,-57631.204537995596,30.396204925103167
60000.0,91549.93736031227,-31549.937360312266,52.583228933853775
126600.0,154760.6803144889,-28160.680314488913,22.243823313182396
262500.0,216124.57400303936,46375.425996960636,17.6668289512231
139200.0,193475.39623285193,-54275.39623285193,38.99094556957753
51300.0,34895.099288908124,16404.900711091876,31.97836395924342
229200.0,290557.36430443544,-61357.36430443544,26.770228754116683
101100.0,178257.01186777354,-77157.01186777354,76.31751915704605
97700.0,104434.87343643093,-6734.873436430935,6.8934221457839655
158300.0,141970.47902587496,16329.520974125044,10.315553363313356
349100.0,370044.2012251413,-20944.201225141296,5.999484739370179
85500.0,139789.28330530543,-54289.283305305435,63.49623778398297
214100.0,280338.2890546149,-66238.2890546149,30.938014504724382
227100.0,258192.92865066614,-31092.928650666145,13.691293989725295
155700.0,163091.3121337471,-7391.312133747095,4.7471497326570935
66800.0,144048.6682057931,-77248.6682057931,115.64171887094776
207300.0,278771.6953226067,-71471.69532260671,34.47742176681462
222800.0,151391.49470800845,71408.50529199155,32.050496091558145
354500.0,269191.5677351488,85308.43226485117,24.064437874429103
340500.0,246567.138892877,93932.861107123,27.586743350109543
52900.0,76009.91374774073,-23109.913747740735,43.686037330322755
140600.0,211066.3014354034,-70466.30143540341,50.11827982603372
150800.0,177959.3864804258,-27159.386480425805,18.010203236356634
56100.0,87836.7146550176,-31736.714655017597,56.57168387703672
259600.0,284956.77004655026,-25356.770046550257,9.767630988655723
318900.0,262139.0979891796,56760.9020108204,17.79896582339931
148400.0,251710.894629504,-103310.89462950401,69.61650581502965
289900.0,257550.15899795262,32349.841002047382,11.158965506052908
161800.0,262807.97492133576,-101007.97492133576,62.427673004533844
255000.0,193383.466992418,61616.53300758201,24.163346277483143
87500.0,112295.34815618824,-24795.348156188236,28.337540749929413
245000.0,302079.5959546946,-57079.59595469461,23.29779426722229
305000.0,217440.61500862413,87559.38499137587,28.707995079139632
215000.0,236029.7146647218,-21029.714664721803,9.781262634754327
249000.0,281388.59062051016,-32388.590620510164,13.007466112654683
500001.0,701550.8724596701,-201549.87245967006,40.30989387214627
320000.0,194903.18078962745,125096.81921037255,39.09275600324142
174000.0,247369.39121706324,-73369.39121706324,42.16631679141565
292500.0,266674.8607489577,25825.139251042274,8.82910743625377
500001.0,446610.9647383742,53390.03526162577,10.677985696353762
289900.0,314133.10970579146,-24233.10970579146,8.359127183784567
438400.0,309612.25879777654,128787.74120222346,29.37676578517871
182000.0,228150.3937323771,-46150.393732377095,25.35735919361379
170500.0,90474.66058602708,80025.33941397292,46.93568294074658
69200.0,112236.57660986838,-43036.57660986838,62.19158469634159
95600.0,166928.82202224166,-71328.82202224166,74.61173851698918
272800.0,334879.57629963773,-62079.57629963773,22.756442925087146
81300.0,169961.5382525938,-88661.5382525938,109.05478259851635
272400.0,256399.3755871369,16000.624412863108,5.873944351271332
152600.0,160243.3979292844,-7643.3979292844015,5.008779770173264
55900.0,87306.97745864713,-31406.977458647132,56.18421727843852
213500.0,244250.58516005945,-30750.585160059447,14.403084384102785
331300.0,143609.49238513754,187690.50761486246,56.65273396162465
201800.0,231433.1176272973,-29633.117627297295,14.684399220662684
57100.0,118129.7006021133,-61029.7006021133,106.88213765694097
331800.0,274372.26457125845,57427.73542874155,17.307937139464
365900.0,186489.74706236486,179410.25293763514,49.03259167467481
127500.0,88389.73962913427,39110.260370865726,30.67471401636527
111800.0,118010.59307187883,-6210.5930718788295,5.555092193093765
353700.0,260852.5960297562,92847.40397024379,26.25032625678366
229300.0,241347.81460793526,-12047.81460793526,5.254171220207265
87500.0,112455.96881569132,-24955.968815691318,28.521107217932933
237500.0,184453.0775944732,53046.9224055268,22.335546276011282
113300.0,90288.75331512725,23011.24668487275,20.3100147262778
112500.0,80633.00298296807,31866.99701703193,28.32621957069505
138500.0,91810.49331333666,46689.50668666334,33.71083515282552
307400.0,243415.581915078,63984.418084922014,20.814709851959016
100900.0,165613.35056731783,-64713.35056731783,64.13612543837249
97800.0,104419.60213589517,-6619.602135895169,6.768509341406103
176700.0,205793.2470080953,-29093.24700809529,16.464769104751156
218000.0,202977.89696523547,15022.103034764528,6.890872951726848
290600.0,200086.58303681674,90513.41696318326,31.147080854502157
157700.0,178390.63079724927,-20690.630797249265,13.120247810557556
348000.0,350723.051336379,-2723.0513363790233,0.7824860162008687
67200.0,106888.61423161173,-39688.61423161173,59.06043784466032
260400.0,162606.49071937942,97793.50928062058,37.555111090868124
123600.0,138180.56671930428,-14580.566719304275,11.796575015618346
67500.0,52364.72603881266,15135.27396118734,22.422628090647912
130700.0,137649.71855125309,-6949.718551253085,5.31730570103526
66000.0,98424.74112990827,-32424.741129908274,49.128395651376174
166600.0,263036.25726306334,-96436.25726306334,57.88490832116647
225600.0,236030.37119204993,-10430.371192049934,4.623391485837736
257100.0,213670.95973704488,43429.040262955124,16.891886527792735
500001.0,529459.4547558445,-29458.45475584455,5.891679167810574
113900.0,174978.92359370794,-61078.923593707936,53.625042663483704
91000.0,99769.00178565405,-8769.00178565405,9.636265698520935
217400.0,199809.12119308577,17590.878806914232,8.091480591956868
96000.0,101237.92107815586,-5237.921078155865,5.456167789745693
129200.0,108874.56025448641,20325.43974551359,15.731764508911446
350200.0,328688.1738592308,21511.826140769175,6.142725911127692
442100.0,502084.5207453506,-59984.52074535057,13.568088836315443
222900.0,180940.6728054625,41959.3271945375,18.8242831738616
81300.0,73608.20792606514,7691.792073934863,9.460998860928491
160600.0,152065.44948667247,8534.55051332753,5.314165948522746
500001.0,319171.6533355881,180829.3466644119,36.165797001288375
341200.0,342710.9408041856,-1510.9408041855786,0.4428314197495834
287900.0,293299.9189758941,-5399.918975894107,1.8756231246592936
344700.0,341614.9114410329,3085.088558967109,0.8950068346292744
180000.0,237643.55664335165,-57643.55664335165,32.02419813519536
167800.0,251394.7829848354,-83594.78298483539,49.81810666557532
55000.0,89182.12046126476,-34182.120461264756,62.14930992957228
50800.0,65878.08430532517,-15078.084305325174,29.681268317569238
142600.0,213226.32803416278,-70626.32803416278,49.52757926659382
235800.0,211380.01340949172,24419.986590508284,10.356228409884768
112700.0,210717.94432870133,-98017.94432870133,86.97244394738361
210200.0,257721.33044254273,-47521.330442542734,22.607673854682556
210700.0,132934.62357257446,77765.37642742554,36.90810461671834
65400.0,72342.52619516134,-6942.526195161336,10.615483478839963
162500.0,207972.17475569877,-45472.17475569877,27.982876772737704
150300.0,133807.62934248024,16492.370657519758,10.972967836007824
500001.0,309169.68083690444,190831.31916309556,38.166187500244106
101400.0,190654.06193744802,-89254.06193744802,88.02175733476135
221800.0,227221.65396573412,-5421.65396573412,2.4443886229639857
260300.0,145502.3863871441,114797.6136128559,44.10204134185782
178800.0,184026.36151741844,-5226.361517418438,2.923020982896218
170400.0,163295.52248486032,7104.477515139675,4.169294316396523
319400.0,337408.1493033209,-18008.14930332091,5.6381181287792455
190600.0,207654.99540485686,-17054.99540485686,8.948056350921753
184100.0,273204.12908624765,-89104.12908624765,48.39985284424098
191100.0,188452.09529572693,2647.904704273067,1.3856120901481253
149600.0,268720.198455598,-119120.19845559797,79.62580110668314
500001.0,314744.493457351,185256.506542649,37.05122720607539
183400.0,225109.3193846733,-41709.31938467329,22.742267930574315
444100.0,379267.9418165751,64832.05818342487,14.598526949656582
242700.0,238666.01848550065,4033.981514499348,1.6621267056033573
76200.0,83716.58700215412,-7516.58700215412,9.864287404401733
132900.0,217769.86895137266,-84869.86895137266,63.859946539783785
409800.0,245425.64751524667,164374.35248475333,40.110871762994954
112500.0,74923.42278782936,37576.57721217064,33.4014019663739
376600.0,300835.5574404363,75764.44255956367,20.118014487404054
50500.0,107180.51674105317,-56680.51674105317,112.23864701198647
500001.0,338966.4465880353,161034.55341196468,32.206846268700396
209500.0,223671.67276558556,-14171.672765585565,6.764521606484757
77800.0,113369.90576007991,-35569.90576007991,45.71967321347032
299700.0,287587.6299194407,12112.370080559282,4.041498191711472
375000.0,185251.73183910528,189748.26816089472,50.59953817623859
156500.0,137291.59964492806,19208.400355071935,12.273738246052353
240000.0,296727.1325482578,-56727.132548257825,23.63630522844076
77200.0,87086.26878051089,-9886.268780510887,12.806047643148819
98500.0,114184.56182598203,-15684.561825982033,15.923413021301554
500001.0,254599.66125582848,245401.33874417152,49.080169588495124
110400.0,161986.99329375688,-51586.99329375688,46.727348997968186
86400.0,113220.92753257242,-26820.927532572416,31.042740199736592
230400.0,202421.5115107801,27978.48848921989,12.143441184557243
163900.0,161826.2562257789,2073.743774221104,1.26524940464985
500001.0,400293.2791843277,99707.7208156723,19.9415042801259
49500.0,129485.43523036351,-79985.43523036351,161.5867378391182
107400.0,154090.0667537217,-46690.06675372171,43.47306029210588
362500.0,176271.25476401372,186228.74523598628,51.37344696165139
145000.0,167952.78855851243,-22952.78855851243,15.82950935069823
218500.0,230787.52325241244,-12287.523252412444,5.623580435886702
130100.0,118786.54475443119,11313.45524556881,8.69596867453406
146000.0,186054.8366332959,-40054.8366332959,27.434819611846507
152500.0,93162.2472166098,59337.7527833902,38.9100018251739
457200.0,356174.72133722476,101025.27866277524,22.096517642776735
165200.0,169963.16545242473,-4763.165452424728,2.883272065632402
394700.0,227607.7468174414,167092.2531825586,42.3339886451884
144400.0,165178.1270639589,-20778.127063958906,14.389284670331653
136600.0,141190.8883770393,-4590.888377039286,3.360826044684689
216400.0,222904.50146520959,-6504.501465209585,3.0057770171948177
139000.0,101685.84181475325,37314.15818524675,26.844718118882554
103800.0,78489.26054575472,25310.739454245282,24.38414205611299
488500.0,328852.5775804152,159647.42241958482,32.68115095590273
227100.0,248606.96205145842,-21506.962051458424,9.470260700774295
238000.0,225077.49368245775,12922.506317542255,5.4296245031690145
215600.0,318717.1577331055,-103117.15773310547,47.827995237989555
292300.0,345728.6732355108,-53428.673235510825,18.27871133613097
145900.0,220759.9739784381,-74859.9739784381,51.30909799755866
187300.0,263550.896554285,-76250.89655428502,40.71056943635079
185400.0,151243.0047608174,34156.99523918261,18.42340627787627
280000.0,239680.5560704369,40319.4439295631,14.399801403415394
141100.0,176241.959459853,-35141.95945985301,24.905711877996463
190900.0,202781.37968312838,-11881.379683128383,6.223876209077204
262500.0,175901.28004082886,86598.71995917114,32.989988555874724
442000.0,313889.195559486,128110.80444051401,28.984344896043897
274800.0,302085.1310518622,-27285.131051862205,9.929086991216233
85500.0,89283.78116930465,-3783.7811693046533,4.425475051818308
231800.0,266079.40409110533,-34279.40409110533,14.788353792538969
302000.0,303213.3565106359,-1213.3565106358728,0.401773679018501
235800.0,288039.24900836026,-52239.24900836026,22.154049621866097
72200.0,100963.88702499098,-28763.88702499098,39.83917870497366
182400.0,177751.43362079727,4648.5663792027335,2.5485561289488667
500001.0,396170.6862930472,103830.31370695279,20.76602120934814
78700.0,99247.27514012819,-20547.275140128186,26.108354688854114
181300.0,171886.11065137322,9413.889348626777,5.192437588873015
198000.0,183024.07364792083,14975.926352079172,7.563599167716753
199600.0,207093.32556990293,-7493.325569902925,3.754171127205874
63300.0,77295.44051556094,-13995.440515560942,22.10970065649438
94000.0,150340.0446679897,-56340.044667989714,59.93621773190395
186800.0,200239.41304415136,-13439.413044151355,7.194546597511432
117000.0,214296.35214132562,-97296.35214132562,83.15927533446634
117800.0,121656.97350261237,-3856.973502612367,3.274171054849208
121000.0,162500.81621326157,-41500.81621326157,34.29819521757154
230900.0,234301.0152477741,-3401.0152477741067,1.4729386088237795
427300.0,305353.251335219,121946.74866478099,28.53890677855862
128100.0,109334.32651476799,18765.673485232008,14.649237693389546
384700.0,221056.91326699744,163643.08673300256,42.5378442248512
290400.0,256864.8789107307,33535.12108926929,11.547906711180886
91300.0,134952.18974527292,-43652.18974527292,47.81181790281809
61900.0,67928.58168983567,-6028.581689835672,9.739227285679599
232200.0,242395.8414178027,-10195.841417802701,4.390973909475755
129600.0,178900.4229611846,-49300.42296118461,38.04044981572886
127500.0,98174.5622377579,29325.4377622421,23.000343342934983
150500.0,190403.23808992357,-39903.23808992357,26.513779461743237
187500.0,164796.70964285888,22703.290357141115,12.108421523808595
437900.0,435633.86414754076,2266.135852459236,0.5175007655764412
126500.0,182743.34977427727,-56243.349774277274,44.461146066622355
453400.0,397532.5026511805,55867.49734881951,12.321900606268088
229400.0,190007.0997622711,39392.9002377289,17.172144829001265
364900.0,294967.31572453416,69932.68427546584,19.164890182369373
191900.0,207647.48693639084,-15747.486936390836,8.20609011797334
87500.0,71430.26489454546,16069.735105454543,18.365411549090908
30000.0,115101.70701787085,-85101.70701787085,283.67235672623616
335700.0,268438.60233929986,67261.39766070014,20.036162544146602
242100.0,206828.85185618358,35271.14814381642,14.568834425368202
173700.0,233055.60556960612,-59355.60556960612,34.17133308555332
54100.0,17518.74623376777,36581.25376623223,67.61784429987473
207800.0,219687.57161944013,-11887.571619440132,5.720679316381199
112500.0,37222.21022226551,75277.78977773449,66.91359091354177
166700.0,224533.6651277595,-57833.66512775951,34.693260424570795
271800.0,267500.841222791,4299.158777208999,1.5817361211217802
141100.0,213956.01285624865,-72856.01285624865,51.63431102498133
375000.0,140365.69055923127,234634.30944076873,62.569149184204996
161600.0,160718.91666116263,881.0833388373721,0.5452248383894629
159400.0,240757.22239845828,-81357.22239845828,51.03966273429001
86300.0,98328.56012805353,-12028.560128053534,13.93807662578625
256300.0,260506.05025826523,-4206.050258265226,1.6410652587847157
213200.0,192865.21187674074,20334.788123259263,9.537893115975264
254100.0,256131.96641298756,-2031.96641298756,0.7996719452922314
132600.0,156202.22078161992,-23602.220781619922,17.799563183725432
169300.0,166000.48355503575,3299.516444964247,1.9489169787148535
347700.0,280151.4338039782,67548.5661960218,19.427255161352257
159700.0,78705.31396011211,80994.68603988789,50.71677272378703
90900.0,170107.84975373145,-79207.84975373145,87.13734846395099
290500.0,262577.4550770493,27922.544922950678,9.611891539742059
189900.0,253122.59256497264,-63222.59256497264,33.29257112426153
495600.0,457044.646968402,38555.35303159797,7.779530474495153
333300.0,380912.57717419905,-47612.57717419905,14.285201672426956
183800.0,150193.51028287815,33606.48971712185,18.28427079277576
189000.0,193515.727683673,-4515.727683673002,2.389273906705292
157500.0,151575.80738831835,5924.192611681647,3.7613921344010453
66600.0,75836.8067783021,-9236.806778302096,13.869079246699844
132400.0,173685.8253965589,-41285.82539655891,31.18264758048256
156000.0,176614.46060371675,-20614.460603716754,13.214397822895355
348100.0,228631.26758469656,119468.73241530344,34.320233385608574
226400.0,256253.30160867222,-29853.30160867222,13.186087282982427
74200.0,102814.86072266527,-28614.860722665268,38.564502321651304
158300.0,200787.768687231,-42487.768687231,26.840030756305115
500001.0,473707.9266977821,26293.073302217876,5.258604143235289
165500.0,197011.02819702015,-31511.028197020147,19.03989619155296
329500.0,226294.28338812542,103205.71661187458,31.32191702940048
139600.0,214814.45486588278,-75214.45486588278,53.87854933086159
152900.0,203178.8316964278,-50278.831696427806,32.88347396757868
367300.0,357468.8160881864,9831.183911813598,2.676608742666376
70000.0,85505.37904278893,-15505.379042788933,22.150541489698476
97400.0,176451.8945459741,-79051.8945459741,81.16210939011714
65900.0,121666.25926595701,-55766.25926595701,84.62254820327315
49300.0,43853.69003396036,5446.30996603964,11.047281878376552
154100.0,164645.3053596851,-10545.305359685095,6.843157274292729
272800.0,203598.40164957853,69201.59835042147,25.36715482053573
247100.0,294415.94366181456,-47315.943661814556,19.148500065485454
268800.0,171956.6950893202,96843.30491067981,36.028015219746955
247600.0,215993.05825682933,31606.941743170668,12.765323805803986
416800.0,328243.69241205836,88556.30758794164,21.246714872346846
121600.0,144446.7035998428,-22846.70359984279,18.78840756566019
171700.0,195918.41948171752,-24218.419481717516,14.105078323656095
173800.0,242942.74436377638,-69142.74436377638,39.782936918168225
235600.0,278216.155497294,-42616.15549729398,18.088351229751265
260100.0,193952.50175875705,66147.49824124295,25.43156410659091
200000.0,200815.13485044643,-815.1348504464258,0.4075674252232129
296600.0,274447.4849874828,22152.515012517222,7.468818277989624
374600.0,138845.76323824958,235754.23676175042,62.93492705866268
177800.0,271919.5378472417,-94119.53784724168,52.93562308618767
269500.0,226821.57714635137,42678.42285364863,15.836149481873333
62000.0,58917.71950370091,3082.280496299092,4.971420155321116
197600.0,216869.4315162163,-19269.43151621631,9.75173659727546
52700.0,88254.15598381258,-35554.15598381258,67.46519162013773
191400.0,228092.47920335384,-36692.47920335384,19.170574296423112
317700.0,281941.05727659975,35758.94272340025,11.255569003273608
329400.0,268303.2318105273,61096.76818947273,18.547895625219407
330700.0,318338.90741239546,12361.092587604537,3.737856845359703
187400.0,248173.76610169112,-60773.766101691115,32.429971238896
286500.0,164385.8907359874,122114.1092640126,42.62272574660126
500001.0,156434.80362543187,343566.19637456816,68.71310184870994
133900.0,163853.95172338907,-29953.951723389066,22.370389636586307
199800.0,256054.03238418195,-56254.03238418195,28.15517136345443
45000.0,19354.674369608634,25645.325630391366,56.989612511980816
354600.0,323117.05232453847,31482.94767546153,8.878439840795695
263800.0,267497.5596202683,-3697.5596202682937,1.4016526233010969
278400.0,155704.7880676036,122695.2119323964,44.071556010199856
160400.0,185825.1860187199,-25425.18601871989,15.851113478004919
241300.0,291722.9422356897,-50422.94223568973,20.89637059083702
208300.0,202784.2936050145,5515.706394985493,2.6479627436320174
263600.0,279439.04352662724,-15839.04352662724,6.0087418538039605
145000.0,215920.8401019893,-70920.8401019893,48.91092420826848
132500.0,208847.74557033603,-76347.74557033603,57.6209400530838
183800.0,190166.6702393468,-6366.6702393468,3.4639119909394998
81100.0,106653.72883167648,-25553.728831676475,31.508913479255828
176500.0,197229.74352930204,-20729.74352930204,11.744897183740532
255500.0,221290.3262202155,34209.6737797845,13.389304806177885
166100.0,228811.44133011458,-62711.44133011458,37.75523258887091
102000.0,160129.26367803977,-58129.26367803977,56.98947419415664
86100.0,132466.10305017192,-46366.10305017192,53.85145534282453
100600.0,88871.37236634106,11728.627633658936,11.658675580177869
500000.0,261530.93811805622,238469.06188194378,47.693812376388756
209900.0,312551.5530981183,-102651.55309811828,48.9049800372169
52500.0,63601.818423416844,-11101.818423416844,21.146320806508275
262900.0,221810.19752000913,41089.802479990874,15.62944179535598
158800.0,183147.81339814138,-24347.813398141385,15.332376195303137
209500.0,119525.52129504028,89974.47870495972,42.94724520523137
350000.0,192427.9490711983,157572.0509288017,45.02058597965763
217100.0,266312.5570913983,-49212.55709139828,22.668151585167333
141400.0,111336.33355593521,30063.666444064787,21.26143312875869
93400.0,89029.5726366264,4370.427363373601,4.679258419029551
198200.0,196246.280578791,1953.7194212090108,0.985731292234617
187200.0,46096.56369909327,141103.43630090673,75.37576725475786
185300.0,167727.9706409267,17572.02935907329,9.483016383741658
500001.0,612641.4115343809,-112640.41153438087,22.52803725080167
281300.0,280051.5032887127,1248.4967112872982,0.44383103849530686
103600.0,164555.17420180846,-60955.17420180846,58.83704073533635
287900.0,307769.7130333771,-19869.713033377076,6.901602304055948
208300.0,180015.07199443105,28284.928005568945,13.578938072764736
175000.0,301451.6000631674,-126451.6000631674,72.2580571789528
132700.0,178883.98455611226,-46183.984556112264,34.803304111614366
172000.0,175011.61021763508,-3011.6102176350832,1.7509361730436532
500001.0,493877.42249615735,6123.577503842651,1.2247130513424276
64000.0,28549.043730999896,35450.956269000104,55.39211917031266
227900.0,231698.05276084846,-3798.0527608484554,1.6665435545627272
63100.0,76071.98902930727,-12971.989029307268,20.557827304765876
84100.0,156778.74851645692,-72678.74851645692,86.41943937747554
339200.0,303357.50531243434,35842.49468756566,10.566773197985158
156300.0,95549.8747292753,60750.125270724704,38.86764252765496
383600.0,283979.0713546903,99620.9286453097,25.970002253730375
137100.0,139260.83329213687,-2160.833292136871,1.5761001401435968
56800.0,79492.65008389583,-22692.65008389583,39.95184873925322
70000.0,124645.32331231527,-54645.323312315275,78.06474758902182
96300.0,81225.7516477961,15074.248352203897,15.653425080170194
92600.0,159138.98281397164,-66538.98281397164,71.85635293085491
359100.0,319819.35294250137,39280.64705749863,10.938637442912457
158700.0,224936.09243700595,-66236.09243700595,41.736668202272185
500001.0,310582.397016658,189418.60298334202,37.883644829378746
114600.0,189525.92932990775,-74925.92932990775,65.38039208543434
410200.0,356661.8771718902,53538.12282810977,13.0517120497586
281900.0,169721.7036144778,112178.2963855222,39.79364894839383
101700.0,121698.78031180453,-19998.780311804527,19.664484082403664
169300.0,227420.2939964873,-58120.29399648731,34.329766093613294
207800.0,243121.97519229376,-35321.97519229376,16.99806313392385
327200.0,255086.3027224547,72113.69727754529,22.039638532257115
277900.0,255005.82485398042,22894.17514601958,8.238278210154581
111400.0,111771.30164540833,-371.3016454083263,0.33330488815828213
80600.0,154265.55700458557,-73665.55700458557,91.39647271040393
207500.0,286600.7519527204,-79100.7519527204,38.120844314564046
275300.0,283750.8008691863,-8450.800869186292,3.0696697672307636
421000.0,305097.7913651456,115902.20863485441,27.530215827756393
128800.0,151672.5525347089,-22872.5525347089,17.75819296173051
313900.0,251424.68428653822,62475.31571346178,19.902935875585147
67600.0,118247.53456249181,-50647.53456249181,74.92238840605297
64400.0,80232.8524128751,-15832.852412875101,24.585174554153884
153900.0,168960.99596099684,-15060.995960996835,9.786222196879034
130700.0,115162.01450776804,15537.985492231965,11.888282702549322
238500.0,215176.1062522589,23323.893747741095,9.77941037641136
379600.0,326981.0530080545,52618.9469919455,13.861682558468255
146500.0,181154.7656301236,-34654.76563012361,23.65513012295127
150300.0,239432.36784686675,-89132.36784686675,59.30297261933916
80300.0,200557.80137006467,-120257.80137006467,149.76064927778913
293300.0,100503.38524544786,192796.61475455214,65.73358839227826
288000.0,297357.01209917344,-9357.012099173444,3.2489625344352238
144100.0,164810.88734087732,-20710.88734087732,14.372579695265317
127000.0,93569.67160827693,33430.32839172307,26.32309322182919
152100.0,213064.92830436162,-60964.928304361616,40.082135637318615
156800.0,99210.51209844046,57589.487901559536,36.72798973313746
104900.0,121267.61079105659,-16367.610791056592,15.603060811302758
500001.0,569895.1608403374,-69894.1608403374,13.978804210459058
134400.0,211197.45027795,-76797.45027795,57.140960028236606
500001.0,557605.9490921099,-57604.94909210992,11.52096677648843
272800.0,316094.5111417179,-43294.5111417179,15.87042197277049
151600.0,95611.81228330868,55988.18771669132,36.931522240561556
362600.0,240591.88005399768,122008.11994600232,33.64813015609551
169200.0,225950.74917101633,-56750.74917101633,33.54063189776379
140400.0,224782.80109118155,-84382.80109118155,60.10171017890424
43700.0,53365.896329242154,-9665.896329242154,22.11875590215596
136000.0,214513.94472384037,-78513.94472384037,57.73084170870615
264400.0,264655.34798540483,-255.34798540483462,0.09657639387474834
152200.0,248365.47772572975,-96165.47772572975,63.18362531256882
137500.0,207370.2866303029,-69870.2866303029,50.814753912947566
214700.0,157668.0873049644,57031.9126950356,26.563536420603445
170900.0,213791.7076453758,-42891.707645375805,25.09754689606542
236200.0,226511.69189796393,9688.30810203607,4.101739247263366
297800.0,245394.80827595736,52405.19172404264,17.59744517261338
88500.0,88977.07728965479,-477.077289654786,0.5390703837907187
127600.0,164358.56698915016,-36758.56698915016,28.807654380211723
80200.0,100763.01000270984,-20563.010002709838,25.639663345024736
306000.0,246579.3568729466,59420.643127053394,19.418510825834442
436400.0,219223.53666767408,217176.46333232592,49.76545905873646
238900.0,251125.75523013293,-12225.755230132927,5.117519979126382
231700.0,322928.60700732307,-91228.60700732307,39.373589558620225
122900.0,160681.70914858067,-37781.709148580674,30.741830063938707
218200.0,253436.4457054158,-35236.4457054158,16.148691890658018
397000.0,503469.431994172,-106469.43199417199,26.818496723972796
260300.0,160453.8340703499,99846.1659296501,38.35811215122939
435700.0,312200.4323412161,123499.56765878393,28.345092416521446
164000.0,232845.36428458386,-68845.36428458386,41.97888066133162
440500.0,287028.9977323424,153471.0022676576,34.8401821265965
85400.0,120632.45910383774,-35232.45910383774,41.25580691315895
101900.0,98907.34620696199,2992.6537930380146,2.936853575110907
159400.0,186645.7485845888,-27245.748584588786,17.09269045457264
190300.0,279063.08759306447,-88763.08759306447,46.64376647034392
100000.0,115425.42528786258,-15425.425287862585,15.425425287862584
139600.0,155184.85013933794,-15584.850139337941,11.163932764568726
500001.0,499724.29851477087,276.70148522913223,0.055340186365453715
154500.0,246848.90275726616,-92348.90275726616,59.77275259369977
170500.0,206122.2533727871,-35622.25337278709,20.89281722744111
110600.0,93862.34271022337,16737.65728977663,15.133505686958978
191200.0,220526.75257654028,-29326.752576540282,15.338259715763748
287200.0,366789.75962431345,-79589.75962431345,27.712311846905795
150100.0,185244.75018482917,-35144.75018482917,23.41422397390351
238300.0,247607.80039622955,-9307.800396229548,3.905917077729563
154200.0,118635.04989928397,35564.95010071603,23.064169974524013
280500.0,224024.24062327293,56475.759376727074,20.13396056211304
161900.0,253258.56770907456,-91358.56770907456,56.4290103206143
265600.0,282638.94433175406,-17038.944331754057,6.415265185148365
122700.0,234090.1208937192,-111390.1208937192,90.78249461590808
231200.0,255824.21958799975,-24624.219587999745,10.65061400865041
319100.0,253088.9925822064,66011.00741779359,20.68662093945271
231300.0,243261.26466074382,-11961.264660743822,5.171320648830014
500001.0,444117.2277696142,55883.7722303858,11.176732092612976
121200.0,130710.32636750494,-9510.326367504938,7.8468039335849324
222500.0,246096.62432982752,-23596.624329827522,10.60522441790001
450000.0,240016.3719272446,209983.6280727554,46.66302846061232
102100.0,129657.23314627293,-27557.233146272934,26.990434031609144
201200.0,240421.5879459863,-39221.587945986306,19.49383098707073
104200.0,136285.4873783489,-32085.487378348887,30.792214374615057
500001.0,558070.9836357804,-58069.9836357804,11.613973499209083
132000.0,150603.01783226762,-18603.017832267622,14.093195327475472
221100.0,257335.82839805697,-36235.82839805697,16.388886656742184
151600.0,151809.3301311559,-209.33013115590438,0.13808056144848574
146900.0,180407.11626075322,-33507.11626075322,22.809473288463728
151200.0,213247.44096741427,-62047.440967414266,41.03666730649091
165100.0,215106.148725904,-50006.148725904,30.28840019739794
213600.0,274738.17246208654,-61138.17246208654,28.622739916707186
213500.0,231371.51419260487,-17871.514192604867,8.37073264290626
500001.0,348820.4327096095,151180.5672903905,30.23605298597213
438000.0,350245.0530655283,87754.94693447172,20.035376012436465
183800.0,197876.16348152942,-14076.163481529424,7.658413210842994
350000.0,269573.59190931596,80426.40809068404,22.978973740195443
159300.0,163831.00718859857,-4531.007188598567,2.844323407783156
129100.0,184238.98455285013,-55138.98455285013,42.710290126142624
76600.0,112112.3788572996,-35512.3788572996,46.360807907701826
225000.0,221840.59002912906,3159.40997087094,1.4041822092759733
230800.0,178831.58741636443,51968.41258363557,22.516643233810903
431800.0,398898.3539201744,32901.64607982559,7.619649393197219
191000.0,304022.40439825505,-113022.40439825505,59.17403371636391
84700.0,126911.55842903402,-42211.55842903402,49.836550683629305
152500.0,137528.97942839056,14971.020571609435,9.817062669907827
67600.0,31828.18422934992,35771.81577065008,52.91688723468947
198200.0,212516.76988920383,-14316.769889203832,7.223395504139169
306300.0,221159.86892886666,85140.13107113334,27.79632095041898
122100.0,212491.3586583788,-90391.3586583788,74.03059677180902
276100.0,213011.21176496206,63088.78823503794,22.849977629495815
103000.0,117116.82553912913,-14116.825539129131,13.705655863232167
409100.0,276125.85091848724,132974.14908151276,32.504069685043454
135200.0,185579.01453601095,-50379.014536010945,37.262584715984424
121600.0,137345.64505222734,-15745.645052227337,12.948721260055377
182800.0,170945.5620243024,11854.437975697598,6.484922306180304
228000.0,191008.60583533414,36991.394164665864,16.22429568625696
110000.0,87754.84381278956,22245.156187210436,20.222869261100396
111200.0,92392.80890062885,18807.19109937115,16.912941636125133
84700.0,101081.16584137239,-16381.165841372393,19.340219411301526
447300.0,373344.9774157946,73955.02258420538,16.533651371385062
88300.0,72949.88072890759,15350.119271092408,17.38405353464599
87100.0,121745.346510449,-34645.346510449,39.77651723358095
187500.0,207008.85993795647,-19508.85993795647,10.40472530024345
146900.0,169181.67101853603,-22281.671018536028,15.167917643659651
103100.0,101274.96701444467,1825.0329855553282,1.7701580849227239
343700.0,371054.86824956303,-27354.868249563035,7.9589375180573265
98200.0,204633.48093885882,-106433.48093885882,108.38440014140409
262500.0,184603.65855076595,77896.34144923405,29.674796742565352
77400.0,105156.88968194602,-27756.88968194602,35.86161457615765
135100.0,214214.1260411816,-79114.12604118159,58.55967878695899
134700.0,151562.11888803568,-16862.11888803568,12.518276828534283
231300.0,173303.5131844583,57996.48681554169,25.07414043041145
158600.0,173946.7753616272,-15346.775361627195,9.676403128390412
101600.0,84835.96211649208,16764.037883507917,16.50003728691724
122000.0,148874.62158009288,-26874.621580092877,22.028378344338424
380000.0,363276.4806602526,16723.519339747378,4.4009261420387835
189400.0,127396.41015039681,62003.58984960319,32.73684786145892
440000.0,308076.0669077315,131923.93309226847,29.982712066424654
70000.0,99824.48138929503,-29824.481389295033,42.60640198470719
70000.0,164712.3670532535,-94712.36705325349,135.30338150464786
333500.0,271303.5943934275,62196.405606572516,18.64959688352999
101800.0,166687.79228315494,-64887.79228315494,63.740463932372236
500001.0,705182.4028753636,-205181.4028753636,41.03619850267572
360500.0,300895.1472072607,59604.852792739286,16.533939748332674
169500.0,185106.99263219623,-15606.992632196227,9.207665269732287
205600.0,171283.80295660067,34316.19704339933,16.690757316828467
166300.0,134695.5768165539,31604.42318344611,19.004463730274267
32500.0,77597.35955809048,-45097.35955809048,138.76110633258608
362700.0,299038.23303006194,63661.766969938064,17.55218278741055
174500.0,158009.29694991623,16490.70305008377,9.45025962755517
197600.0,214024.05682569742,-16424.056825697422,8.311769648632298
183000.0,245421.22928152786,-62421.22928152786,34.109961356026155
158300.0,115771.13890935738,42528.86109064262,26.86598931815706
100200.0,122096.5839067063,-21896.583906706306,21.852878150405495
87500.0,161047.98661019607,-73547.98661019607,84.05484184022407
461100.0,221633.26555115136,239466.73444884864,51.933796237009034
190200.0,311033.50310252735,-120833.50310252735,63.52970720427306
232300.0,210692.67657126967,21607.323428730335,9.301473710172335
221600.0,256646.0023907607,-35046.002390760696,15.814983028321613
226900.0,276253.1207024591,-49353.12070245913,21.751044822591066
224200.0,239862.54134905286,-15662.541349052859,6.985968487534727
119800.0,181866.01023569604,-62066.01023569604,51.80802189957934
78200.0,96251.13249534469,-18051.13249534469,23.08328963599065
165100.0,149617.0015447932,15482.998455206805,9.377951820234285
213900.0,339924.2447789381,-126024.24477893813,58.91736548804961
69700.0,75008.4039978731,-5308.403997873102,7.616074602400433
105800.0,163824.73419073716,-58024.73419073716,54.84379413113153
75000.0,109192.48465147376,-34192.48465147376,45.58997953529834
91700.0,108484.48848965521,-16784.48848965521,18.3036951904637
269500.0,305870.7650535842,-36370.76505358418,13.495645659957026
68200.0,87829.06202658017,-19629.06202658017,28.781615874750983
165800.0,197113.09508870807,-31313.09508870807,18.8860645890881
154600.0,-200320.29290850146,354920.29290850146,229.57328131209667
472700.0,322317.5451659518,150382.45483404823,31.81350853269478
345900.0,343352.23980188963,2547.7601981103653,0.7365597566089521
230700.0,291092.6242490554,-60392.6242490554,26.1779905717622
300000.0,268052.29872268485,31947.70127731515,10.649233759105051
249400.0,230980.70922051498,18419.290779485018,7.385441371084609
435700.0,257984.87647449854,177715.12352550146,40.78841485552019
225800.0,225424.85874451906,375.1412554809358,0.16613873139102558
175000.0,123057.20506583717,51942.79493416283,29.681597105235902
178400.0,140094.8435033349,38305.15649666509,21.471500278399716
276000.0,219284.66956948605,56715.330430513946,20.549032764678966
115900.0,99356.43742551861,16543.562574481388,14.273997044418799
214300.0,132610.72546870296,81689.27453129704,38.1191201732604
118300.0,92069.55239328934,26230.44760671066,22.172821307447727
500001.0,223029.9609963481,276971.03900365194,55.394097012536356
152100.0,220995.4955465834,-68895.4955465834,45.29618379131059
140400.0,183974.87756734603,-43574.87756734603,31.036237583579794
222600.0,221725.20110133564,874.7988986643613,0.39299141898668527
444500.0,306292.5963881635,138207.4036118365,31.092779215261302
500000.0,339645.9323578931,160354.0676421069,32.07081352842138
163300.0,129375.08829682675,33924.911703173246,20.7745938170075
193800.0,246453.73759765812,-52653.737597658124,27.16911124750161
90500.0,102324.70511686562,-11824.705116865618,13.065972504823886
115200.0,179440.78274541235,-64240.78274541235,55.76456835539266
147000.0,200090.173187249,-53090.17318724899,36.1157640729585
273900.0,287413.75476101297,-13513.75476101297,4.933827952177061
190900.0,219120.72696087576,-28220.726960875763,14.78298950281601
74800.0,78944.90423993273,-4144.90423993273,5.541315828787073
500001.0,241896.4466329442,258104.5533670558,51.6208074317963
118500.0,142817.37753121846,-24317.37753121846,20.520993697230764
500001.0,113560.58695067278,386440.4130493272,77.28792803400938
55000.0,210051.59905917654,-155051.59905917654,281.91199828941194
58400.0,98636.15922912164,-40236.15922912164,68.89753292657814
95800.0,145151.82407477382,-49351.82407477382,51.5154739820186
99200.0,142462.32782341252,-43262.32782341252,43.61121756392391
167400.0,265247.1627836456,-97847.16278364562,58.45111277398185
70500.0,134922.79006013589,-64422.790060135885,91.37984405693034
67500.0,96312.45790380702,-28812.457903807022,42.68512282045484
75700.0,122865.1180247814,-47165.118024781405,62.305307826659714
183000.0,144163.58296232825,38836.41703767175,21.222085812935383
500001.0,490118.4039079272,9882.596092072781,1.9765152653840254
97300.0,166301.02591335826,-69001.02591335826,70.91575119564055
230000.0,242533.64422207593,-12533.644222075935,5.449410531337363
82900.0,143337.41012852726,-60437.41012852726,72.90399291740322
52200.0,79895.59357270038,-27695.59357270038,53.056692668008395
114800.0,184251.5284082202,-69451.52840822021,60.49784704548799
88000.0,152085.81915672056,-64085.819156720565,72.82479449627337
224200.0,234366.70397800306,-10166.703978003061,4.53465833095587
150000.0,161593.82529446887,-11593.825294468872,7.729216862979247
341700.0,387208.09467783547,-45508.09467783547,13.318143013706605
181700.0,227092.57561902548,-45392.575619025476,24.982154991208297
140600.0,204910.518671538,-64310.51867153801,45.74005595415221
72700.0,76989.46230780598,-4289.462307805981,5.9002232569545825
210900.0,150016.34294672048,60883.657053279516,28.868495520758426
97700.0,89335.04565515586,8364.95434484414,8.561877527987862
109700.0,137373.2993119714,-27673.29931197141,25.226343948925624
165600.0,249138.87228843087,-83538.87228843087,50.44617891813458
230600.0,208370.1660873104,22229.833912689588,9.639997360229655
163800.0,209393.9887758414,-45593.9887758414,27.835157982809157
95800.0,33999.68204919339,61800.31795080661,64.50972646221985
48100.0,72987.98698627437,-24887.986986274365,51.742176686641095
44400.0,52172.1239684867,-7772.123968486703,17.50478371280789
237900.0,269072.33526021265,-31172.335260212654,13.103125372094432
284800.0,347425.58090276143,-62625.58090276143,21.98931913720556
164800.0,153642.58373452385,11157.416265476146,6.77027686011902
200000.0,146193.86858630562,53806.131413694384,26.90306570684719
77800.0,53528.1195688202,24271.8804311798,31.197789757300516
186000.0,211423.7772304171,-25423.777230417094,13.668697435708117
169700.0,172978.3823306469,-3278.382330646913,1.931869375749507
418800.0,262649.878863722,156150.12113627797,37.285129211145644
73300.0,82858.75555324616,-9558.755553246156,13.040594206338548
87000.0,175488.4751058187,-88488.47510581871,101.7108909262284
168200.0,234564.90313356335,-66364.90313356335,39.45594716620889
154300.0,159232.9302280731,-4932.930228073092,3.1969735761977267
225000.0,373670.9154091814,-148670.91540918138,66.07596240408061
333000.0,284189.163641002,48810.83635899803,14.657908816515924
225900.0,227207.6487194761,-1307.6487194760994,0.5788617616096057
138100.0,149804.2341014498,-11704.234101449809,8.47518761871818
112700.0,108075.5802583803,4624.4197416196985,4.103300569316503
231600.0,234465.23596231907,-2865.2359623190714,1.2371485156818098
419100.0,270040.6658671074,149059.3341328926,35.56653164707531
221100.0,206441.95385229704,14658.04614770296,6.629600247717304
155400.0,119563.32692997684,35836.67307002316,23.060922181482084
151700.0,148843.6533240995,2856.3466759005096,1.882891678246875
248900.0,299323.4633066794,-50423.46330667939,20.258522823093365
153200.0,111801.28749907213,41398.71250092787,27.02265829042289
126500.0,99570.68730420523,26929.312695794768,21.287994225924717
240000.0,254988.47994270278,-14988.479942702776,6.245199976126156
186100.0,194066.52213728387,-7966.522137283871,4.280774925998856
500001.0,379422.42284053325,120578.57715946675,24.11566720055895
181600.0,166093.1231602254,15506.876839774603,8.539029096792182
178100.0,217822.99196962608,-39722.99196962608,22.30375742258623
69200.0,39397.4151050575,29802.584894942498,43.06731921234465
66800.0,56275.20358909076,10524.796410909243,15.755683249864136
500001.0,445553.49467491463,54447.50532508537,10.889479286058501
181300.0,243467.71529997277,-62167.71529997277,34.28996982899767
396400.0,377561.5951317591,18838.404868240876,4.752372570191946
187500.0,260194.71287054545,-72694.71287054545,38.77051353095757
297900.0,266452.73089238,31447.26910762,10.556317256670022
345400.0,365633.63774954283,-20233.63774954283,5.858030616543958
245100.0,225566.64729616692,19533.35270383308,7.969544146810723
105500.0,129054.50068116176,-23554.500681161764,22.326540930011152
101100.0,141818.8996038787,-40718.8996038787,40.27586508791167
141700.0,204231.80748511132,-62531.80748511132,44.129715938681244
430900.0,303531.9135285134,127368.0864714866,29.55861835031019
286300.0,212103.97693183686,74196.02306816314,25.91548133711601
113000.0,87547.42778312146,25452.572216878543,22.524400191927914
466700.0,395589.552412116,71110.44758788397,15.236864707067491
168600.0,188683.01879912463,-20083.018799124635,11.911636298413187
360500.0,256449.88634994606,104050.11365005394,28.862722233024673
256400.0,254421.95033487031,1978.0496651296853,0.7714702282097057
113900.0,134805.12069528308,-20905.120695283083,18.353925105604112
350400.0,333108.1323111055,17291.867688894505,4.934893746830624
209100.0,244076.96353127013,-34976.96353127013,16.72738571557634
131500.0,199485.41467029083,-67985.41467029083,51.699935110487324
216700.0,229129.07381637886,-12429.073816378863,5.735613205527856
101300.0,117833.84931043562,-16533.849310435617,16.32166763122963
202800.0,237218.91619361882,-34418.91619361882,16.97185216647871
117600.0,156890.0243728967,-39290.0243728967,33.40988467083053
292600.0,257629.2930761224,34970.70692387759,11.951711183826927
500001.0,607181.747313384,-107180.74731338397,21.436106590463613
130300.0,100752.85462159126,29547.145378408735,22.676243575141008
92400.0,85191.34072694278,7208.659273057216,7.8015792998454705
112500.0,146852.69414481887,-34352.69414481887,30.53572812872789
154200.0,106083.42156207668,48116.57843792332,31.20400676908127
104000.0,108209.67381160092,-4209.673811600922,4.047763280385501
121600.0,177948.0317726081,-56348.03177260811,46.33884191826325
206300.0,204782.94720769598,1517.0527923040208,0.735362478092109
108300.0,157046.163285499,-48746.163285499,45.01030774284303
349400.0,315337.5167643304,34062.48323566961,9.748850382275219
83300.0,41695.65477315898,41604.34522684102,49.94519234914888
245800.0,280862.8953075865,-35062.89530758653,14.264806878595007
91500.0,173713.1468278682,-82213.14682786819,89.85043369165922
500001.0,497303.213281546,2697.786718453979,0.5395562645782667
500001.0,268898.55020359135,231102.44979640865,46.22039751848669
190500.0,133929.18623216817,56570.81376783183,29.695965232457656
108300.0,102303.31962852515,5996.680371474853,5.5371009893581284
89600.0,118649.67806789775,-29049.678067897752,32.42151570077874
500001.0,497083.62699071405,2917.373009285948,0.5834734349103197
94600.0,154193.32197123917,-59593.32197123917,62.995054937884966
67500.0,427331.9911525582,-359831.9911525582,533.0844313371232
177500.0,208993.56883841354,-31493.568838413543,17.74285568361326
261300.0,281201.62614148256,-19901.626141482557,7.6163896446546335
500001.0,233397.82614839962,266603.1738516004,53.32052812926382
168400.0,257696.6580459692,-89296.6580459692,53.026519029672926
245300.0,251402.33165212395,-6102.331652123947,2.487701448073358
240000.0,286819.7464070177,-46819.746407017694,19.508227669590706
156500.0,100723.41393100697,55776.58606899303,35.6399910983981
500001.0,246347.16191228517,253653.83808771483,50.73066615621066
235600.0,274727.7555729464,-39127.75557294639,16.607706100571473
185600.0,242343.6909937953,-56743.69099379529,30.573109371656944
316700.0,219026.1708605147,97673.82913948529,30.84112066292557
118800.0,103621.91076760393,15178.089232396072,12.776169387538783
248500.0,194948.34662283293,53551.653377167066,21.549961117572263
236500.0,265163.2627500153,-28663.262750015303,12.119772832987444
94600.0,111427.20924262519,-16827.20924262519,17.7877476137687
176800.0,189463.0252834609,-12663.025283460913,7.1623446173421454
148600.0,202347.85639945668,-53747.85639945668,36.169486136915665
195300.0,203955.4811480289,-8655.481148028892,4.431889988750073
215900.0,236915.07917440927,-21015.07917440927,9.73370966855455
126600.0,226006.76847631353,-99406.76847631353,78.52035424669316
173900.0,171209.71360151772,2690.286398482276,1.547030706430291
183000.0,193768.71323474578,-10768.713234745781,5.884542751227203
74300.0,103566.54699670151,-29266.54699670151,39.38969986097107
224700.0,232578.4389080961,-7878.438908096112,3.5062033413867875
101600.0,127271.10918326063,-25671.109183260633,25.26683974730377
391000.0,299839.10952570103,91160.89047429897,23.31480574790255
265000.0,222402.2215573094,42597.778442690586,16.074633374600218
500001.0,423829.13444629067,76171.86555370933,15.23434264205658
186500.0,235144.0387497815,-48644.038749781495,26.08259450390429
78000.0,112770.86321021334,-34770.86321021334,44.578029756683776
80800.0,122788.26781922273,-41988.26781922273,51.96567799408754
189600.0,249436.72901496428,-59836.72901496428,31.559456231521242
199200.0,235572.31662117134,-36372.31662117134,18.25919509094947
189600.0,212893.89488539693,-23293.894885396934,12.285809538711463
160000.0,199932.32555994522,-39932.325559945224,24.957703474965765
375300.0,390916.7709397521,-15616.77093975211,4.1611433359318175
166700.0,188437.34079936225,-21737.340799362253,13.03979652031329
215600.0,231622.99852630484,-16022.998526304844,7.431817498286105
228600.0,210665.8712100276,17934.128789972397,7.845200695525984
171300.0,180772.519710814,-9472.519710813998,5.529783835851721
431000.0,345209.2345682292,85790.76543177082,19.905049984169565
275100.0,263347.7835516361,11752.216448363906,4.271979806748058
276800.0,302025.86697457836,-25225.866974578355,9.113391248041314
46300.0,46332.173226563114,-32.17322656311444,0.0694886102875042
144000.0,196929.08945167437,-52929.08945167437,36.756312119218315
94300.0,74687.64536044994,19612.35463955006,20.79783100694598
157600.0,101429.8318914994,56170.1681085006,35.640969611992766
194500.0,240184.5409301442,-45684.5409301442,23.48819585097388
351100.0,247003.24331342912,104096.75668657088,29.648748700248046
453400.0,236119.6827286588,217280.3172713412,47.92243433421729
224600.0,194393.1439043272,30206.85609567279,13.449179027458943
155600.0,190458.21420592052,-34858.21420592052,22.402451289152005
242000.0,382275.6826565254,-140275.6826565254,57.96515812253116
70000.0,113997.9168363948,-43997.9168363948,62.85416690913542
71300.0,94804.456014594,-23504.456014594005,32.965576458056105
66800.0,62803.78441265627,3996.2155873437296,5.982358663688218
153100.0,270078.2445131621,-116978.24451316212,76.40643011963562
137500.0,187844.18684597814,-50344.18684597814,36.61395406980228
230400.0,281373.04566474265,-50973.04566474265,22.12371773643344
242200.0,276239.1540434583,-34039.154043458286,14.054151132724312
301900.0,263360.84977413766,38539.15022586234,12.765535020159769
415800.0,296754.03769553395,119045.96230446605,28.63058256480665
156500.0,155806.37113995553,693.6288600444677,0.44321332910189626
78600.0,75958.17411387691,2641.825886123086,3.3611016362889137
441400.0,381071.467840189,60328.532159811,13.667542401407115
184300.0,206350.24647767798,-22050.24647767798,11.964322559781868
276500.0,306496.73755781294,-29996.737557812943,10.84872967732837
232800.0,209853.01169723447,22946.98830276553,9.856953738301346
60400.0,18500.666334754293,41899.33366524571,69.36975772391673
224100.0,238468.99289590426,-14368.992895904259,6.411866530970219
439000.0,323609.91709736816,115390.08290263184,26.284756925428667
123100.0,108756.31261538947,14343.68738461053,11.652061238513834
255700.0,302224.8815688921,-46524.8815688921,18.1951042506422
57600.0,102070.8706711011,-44470.870671101104,77.20637269288386
199800.0,247896.23879221946,-48096.23879221946,24.07219158769743
51300.0,88369.69950265496,-37069.699502654956,72.26062281219289
348200.0,317363.65382541873,30836.346174581267,8.855929401085948
362800.0,340209.8811288919,22590.118871108105,6.226603878475221
240300.0,245437.36294554212,-5137.362945542118,2.13789552457017
73600.0,98483.73554003114,-24883.735540031135,33.80942328808578
172600.0,190778.40935943843,-18178.409359438432,10.532102757496196
229000.0,268480.25916193397,-39480.259161933966,17.240287843639287
166300.0,133559.84797862184,32740.152021378162,19.68740350052806
83300.0,192461.31736807775,-109161.31736807775,131.04599924138986
500001.0,412373.4000722972,87627.5999277028,17.52548493457069
332900.0,311926.56951002,20973.430489979975,6.3002194322559255
54300.0,92646.68262212146,-38346.68262212146,70.62004166136549
241700.0,258073.776475208,-16373.776475207997,6.774421379895737
387500.0,358524.54938367277,28975.45061632723,7.477535642923157
136400.0,146169.2522900157,-9769.252290015691,7.162208423765169
98300.0,200804.287711162,-102504.287711162,104.27699665428484
176000.0,200556.5595828551,-24556.559582855087,13.952590672076754
63000.0,35943.78859742964,27056.211402570363,42.946367305667245
236900.0,199308.78496944343,37591.215030556574,15.867967509732619
97200.0,133589.88321855955,-36389.88321855955,37.43815145942341
220000.0,172776.82754381577,47223.17245618423,21.46507838917465
105800.0,185025.32139091683,-79225.32139091683,74.88215632411799
270900.0,270802.9729420155,97.0270579844946,0.03581655887209103
99400.0,113176.94291257652,-13776.942912576516,13.860103533779192
166300.0,166827.8674987982,-527.8674987982085,0.3174188206844309
143800.0,183862.62806046018,-40062.62806046018,27.859963880709444
140600.0,196332.8173127481,-55732.81731274811,39.63927262642113
330900.0,314557.4741380166,16342.52586198342,4.938811079475195
156900.0,226956.88228338497,-70056.88228338497,44.650657924400875
500001.0,375118.6518381453,124882.34816185472,24.976419679531585
162500.0,107834.56500103409,54665.43499896591,33.640267691671326
124800.0,153105.30939154286,-28305.30939154286,22.680536371428577
216100.0,192822.32969550721,23277.670304492785,10.77171231119518
171400.0,241510.15902657824,-70110.15902657824,40.904410167198506
325600.0,242576.00791282547,83023.99208717453,25.498769068542543
109800.0,110909.77014570005,-1109.7701457000512,1.0107196226776423
276200.0,262272.9627761333,13927.037223866675,5.042374085397058
129900.0,179494.7745021678,-49594.7745021678,38.1791951517843
292300.0,232446.71727615362,59853.28272384638,20.476661896628936
341500.0,318030.1068468569,23469.893153143115,6.872589503116579
66800.0,130822.08577073814,-64022.08577073814,95.84144576457805
238800.0,213000.93826941296,25799.06173058704,10.803627190363082
77400.0,92274.39779681183,-14874.397796811827,19.217568212935177
82400.0,109476.96210094483,-27076.96210094483,32.860390899204894
359900.0,294689.8518409187,65210.14815908129,18.118963089491885
465700.0,355440.2996374746,110259.70036252541,23.676122044776772
214000.0,238623.6846977076,-24623.68469770759,11.506394718554949
107100.0,128194.87231614781,-21094.872316147812,19.69642606549749
157800.0,236171.2431859028,-78371.2431859028,49.664919636186816
119300.0,188871.35070891966,-69571.35070891966,58.31630403094691
232900.0,243218.29019642575,-10318.290196425747,4.430352166777908
179500.0,277966.3110867725,-98466.31108677248,54.85588361380083
70100.0,37011.17798540977,33088.82201459023,47.20231385818863
55000.0,49862.12292451656,5137.87707548344,9.341594682697165
65900.0,71200.36621904318,-5300.366219043179,8.043044338457024
99600.0,171497.1822347667,-71897.18223476669,72.18592593852077
500001.0,467806.83454810246,32194.16545189754,6.438820212739083
164100.0,251821.27826727997,-87721.27826727997,53.45598919395489
77000.0,159158.43625694295,-82158.43625694295,106.69926786615969
140300.0,122527.24970427403,17772.75029572597,12.667676618478954
172900.0,110422.121607854,62477.878392146,36.135268011651824
500001.0,236267.37006635152,263733.6299336485,52.74662049348871
314300.0,213687.1293762708,100612.87062372919,32.01173102886707
500001.0,279485.08118178044,220515.91881821956,44.1030955574528
500001.0,566897.3825444691,-66896.38254446909,13.379249750394317
143000.0,164018.88980094373,-21018.889800943725,14.698524336324285
280600.0,263469.113875414,17130.886124585988,6.105091277471842
375000.0,278128.32319529325,96871.67680470675,25.8324471479218
137500.0,174691.5528386303,-37191.552838630305,27.048402064458404
337100.0,328350.4628543322,8749.537145667826,2.595531636211162
128000.0,176576.47623635968,-48576.47623635968,37.950372059656004
185400.0,213136.58548020254,-27736.585480202542,14.96040209288163
63000.0,68584.43391099921,-5584.433910999214,8.864180811109863
109500.0,220539.92435832348,-111039.92435832348,101.4063236149073
400000.0,157446.5463496795,242553.4536503205,60.63836341258012
151900.0,239658.33816382277,-87758.33816382277,57.7737578432013
56300.0,35289.471237308724,21010.528762691276,37.31887879696497
102500.0,115541.77756318678,-13041.777563186784,12.723685427499301
225000.0,383036.8131940131,-158036.81319401308,70.23858364178359
145500.0,169323.49879168812,-23823.498791688122,16.373538688445443
363100.0,254206.40076907323,108893.59923092677,29.989975001632267
249000.0,168785.86013587512,80214.13986412488,32.21451400165658
415300.0,340862.388748194,74437.61125180603,17.92381681960174
267400.0,266127.5590481541,1272.4409518458997,0.4758567508772998
75000.0,104836.10466615066,-29836.104666150655,39.781472888200874
250000.0,214401.7496468401,35598.25035315991,14.239300141263964
161800.0,172224.55608780083,-10424.556087800825,6.4428653200252315
97500.0,69373.03681147483,28126.963188525173,28.848167372846333
111500.0,184346.24041068903,-72846.24041068903,65.33295104097671
87300.0,69396.17771706902,17903.82228293098,20.508387494766303
272900.0,275422.5942705243,-2522.594270524278,0.9243658008516958
124400.0,102588.4621471231,21811.537852876907,17.533390556975007
228700.0,341397.26933337253,-112697.26933337253,49.277336831382826
229500.0,242317.8958727416,-12817.895872741588,5.585139813830757
162500.0,188050.5879389304,-25550.587938930403,15.723438731649479
80000.0,199517.8147278031,-119517.81472780311,149.3972684097539
118800.0,162328.40865585196,-43528.40865585196,36.640074626138016
244200.0,287824.9415804299,-43624.941580429906,17.864431441617487
187500.0,215065.407265179,-27565.407265179005,14.701550541428803
246000.0,246846.21913104373,-846.2191310437338,0.3439915166844446
102600.0,125862.36235790518,-23262.36235790518,22.67286779522922
116700.0,60117.5955553478,56582.4044446522,48.48535085231551
137500.0,119427.15324141282,18072.846758587184,13.14388855169977
171900.0,272014.934509989,-100114.93450998899,58.240217865031404
103100.0,101990.00891997709,1109.9910800229118,1.0766159845033092
239100.0,228861.2940932139,10238.705906786112,4.28218565737604
194000.0,257985.53075686385,-63985.53075686385,32.98223234889889
219900.0,217590.4364640096,2309.563535990397,1.0502790068169157
380000.0,365088.1183453554,14911.881654644618,3.924179382801215
155700.0,171542.5806726648,-15842.5806726648,10.175067869405781
89900.0,113876.30990030534,-23976.309900305336,26.66997764216389
89300.0,162969.9633731847,-73669.9633731847,82.49715943245766
55000.0,96270.52310003035,-41270.52310003035,75.0373147273279
49800.0,44072.29895336277,5727.70104663723,11.501407724171145
146400.0,158157.59180756583,-11757.591807565826,8.031141945058625
278000.0,285294.49329076917,-7294.493290769169,2.6239184499169674
288700.0,341012.661604199,-52312.66160419898,18.120076759334594
129200.0,224292.9693677818,-95092.9693677818,73.60136947970727
221600.0,264627.3004802155,-43027.30048021552,19.41665184125249
85600.0,242798.87101758638,-157198.87101758638,183.6435409083953
160400.0,169802.2887023693,-9402.28870236929,5.861775998983347
57600.0,71051.4992966839,-13451.499296683905,23.353297390076225
348500.0,249541.18345954112,98958.81654045888,28.39564319668834
199400.0,293877.4476504405,-94477.4476504405,47.38086642449373
97100.0,145283.36855977026,-48183.36855977026,49.62241870213209
58100.0,106576.13984294052,-48476.13984294052,83.4356968036842
301000.0,307303.04935411626,-6303.049354116258,2.094036330271182
74200.0,101012.6851456652,-26812.685145665193,36.13569426639514
249400.0,223526.49371670643,25873.506283293566,10.374300835322199
267000.0,315419.6358326151,-48419.63583261508,18.134695068395164
119900.0,126624.97573123766,-6724.9757312376605,5.60882045974784
77700.0,55071.45835048222,22628.541649517778,29.12296222589161
143400.0,203828.49846293437,-60428.49846293437,42.139817617109046
61200.0,64286.076376777666,-3086.076376777666,5.042608458787036
206800.0,144548.4847557753,62251.51524422469,30.102280098754687
328200.0,316404.0318643608,11795.96813563921,3.5941401997681934
360600.0,269938.7512152272,90661.24878477282,25.141777255899285
107800.0,158445.2732654459,-50645.273265445896,46.98077297351196
51500.0,30000.617442289018,21499.382557710982,41.74637389846792
67500.0,103799.84520927478,-36299.845209274776,53.77754845818485
184100.0,215550.0787602382,-31450.07876023819,17.08314978828799
200000.0,235465.8954070368,-35465.89540703679,17.732947703518395
354000.0,197011.0223180679,156988.9776819321,44.34716883670398
393800.0,234121.65606422434,159678.34393577566,40.54808124321373
132100.0,201183.27557542763,-69083.27557542763,52.296196499188206
306500.0,291067.8834014961,15432.116598503897,5.034948319250863
134900.0,152249.47774230677,-17349.47774230677,12.86099165478634
319300.0,315326.50491440226,3973.4950855977368,1.2444394254925577
303900.0,260794.66282408335,43105.33717591665,14.184053035839634
350000.0,150851.62291399352,199148.37708600648,56.899536310287566
231200.0,258367.8724273746,-27167.87242737459,11.750809873431917
131300.0,227284.7306616524,-95984.7306616524,73.10337445670405
120800.0,193314.93897529607,-72514.93897529607,60.02892299279476
135200.0,143915.42476786918,-8715.424767869175,6.446320094577793
68900.0,125738.06081970099,-56838.060819700986,82.49355706778083
425000.0,211749.75836358624,213250.24163641376,50.176527443862064
160500.0,153699.075038361,6800.924961638986,4.237336424697188
151000.0,208216.57730945142,-57216.577309451415,37.891773052616834
349500.0,420484.0842741202,-70984.08427412022,20.31018148043497
60200.0,109074.51735730632,-48874.51735730632,81.18690590914672
396400.0,280458.5222023055,115941.4777976945,29.248606911628283
278500.0,241918.79210949963,36581.20789050037,13.135083623159918
239300.0,260552.71621076757,-21252.71621076757,8.881201926772908
224900.0,222622.8427912252,2277.157208774792,1.012519879401864
91300.0,138823.92140789924,-47523.92140789924,52.05248785093016
111400.0,186641.58337509597,-75241.58337509597,67.54181631516694
150800.0,173136.7343713864,-22336.73437138641,14.81215807121115
64700.0,10807.996898691985,53892.003101308015,83.29521344869863
358800.0,319854.14872352994,38945.85127647006,10.854473599908044
232800.0,235987.3853347683,-3187.3853347683034,1.369151776103223
54400.0,54393.339798190485,6.660201809514547,0.012243018032195857
98200.0,88142.07124455775,10057.928755442248,10.242289974992106
225800.0,227260.47364781488,-1460.4736478148843,0.6467996668799311
116100.0,139490.65256653883,-23390.652566538833,20.146987568078238
196400.0,172401.5236456312,23998.476354368788,12.219183479821174
123200.0,78420.15672133671,44779.84327866329,36.3472753885254
156400.0,259079.25326631084,-102679.25326631084,65.65169646183557
166800.0,214440.71487427736,-47640.71487427736,28.561579660837744
215900.0,224116.85509248628,-8216.85509248628,3.805861552795868
117300.0,214365.19996189105,-97065.19996189105,82.7495310843061
243200.0,171636.28627865258,71563.71372134742,29.425869128843512
72900.0,112687.82218134475,-39787.822181344745,54.57863125012996
191700.0,241403.52721133857,-49703.52721133857,25.9277658901088
60000.0,144873.9775929585,-84873.97759295849,141.4566293215975
195400.0,238403.94486865157,-43003.94486865157,22.008160117017177
111600.0,200140.57864324359,-88540.57864324359,79.3374360602541
268500.0,235105.90619219022,33394.09380780978,12.437278885590237
260000.0,239214.10214883598,20785.897851164016,7.994576096601545
89400.0,86900.60949244877,2499.3905075512303,2.79573882276424
235200.0,321495.64459887176,-86295.64459887176,36.69032508455432
386100.0,223165.97196804866,162934.02803195134,42.19995546023086
187500.0,180817.11888402037,6682.881115979631,3.5642032618558037
223400.0,224677.62128132675,-1277.6212813267484,0.5718985144703439
120300.0,165606.83909487797,-45306.83909487797,37.66154538227595
135800.0,128737.77762169395,7062.222378306047,5.200458305085454
307400.0,268284.64823256247,39115.35176743753,12.724577673206744
326800.0,232769.32495568495,94030.67504431505,28.773156378309377
70300.0,23244.933098717127,47055.06690128287,66.93466131050195
68200.0,106877.44702578388,-38677.447025783884,56.71179915804089
114600.0,108776.01501305899,5823.98498694101,5.082011332409259
177200.0,250989.67278059787,-73789.67278059787,41.6420275285541
81900.0,130011.25744778101,-48111.25744778101,58.74390408764471
90600.0,149732.5274156619,-59132.5274156619,65.26769030426259
56800.0,65426.375091122376,-8626.375091122376,15.187280090004181
323800.0,295597.77053260827,28202.229467391735,8.709768211053655
244400.0,123631.69052949501,120768.30947050499,49.41420191100859
144300.0,137062.780230536,7237.219769463991,5.015398315636861
164200.0,65298.21832973292,98901.78167026708,60.232510152416005
237600.0,290472.26935281453,-52872.26935281453,22.252638616504434
243000.0,272575.270813447,-29575.270813447016,12.170893338867085
83300.0,78092.79573643254,5207.204263567459,6.251145574510756
87500.0,114303.73388929418,-26803.733889294177,30.632838730621913
131700.0,144508.76281378203,-12808.762813782028,9.725712083357653
47000.0,52870.10271395376,-5870.102713953762,12.489580242454812
195300.0,180212.20921043298,15087.790789567021,7.725443312630323
184100.0,220254.16306470247,-36154.16306470247,19.638328660892164
128800.0,122242.42148909351,6557.578510906489,5.091287663747274
118200.0,87774.61188808933,30425.388111910666,25.74059907945065
212800.0,126712.80938692513,86087.19061307487,40.45450686704646
141300.0,102399.3477476068,38900.65225239321,27.53053945675386
227100.0,181049.15468680963,46050.845313190366,20.277783052923983
80800.0,207388.1645582046,-126588.16455820459,156.66852049282747
201300.0,186354.4694887288,14945.530511271209,7.424505966851072
183300.0,217891.32225849087,-34591.322258490865,18.871425127381812
155000.0,166242.59049220505,-11242.590492205054,7.253284188519389
143800.0,203758.29148744815,-59958.29148744815,41.695612995443774
137500.0,248119.91125226952,-110619.91125226952,80.4508445471051
280100.0,204162.12087031826,75937.87912968174,27.11098862180712
245900.0,224248.67172103815,21651.328278961853,8.804932199659152
243600.0,222032.13548729406,21567.864512705943,8.853803166135444
103000.0,125756.3934351234,-22756.393435123406,22.09358585934311
103800.0,111537.3361929138,-7737.336192913805,7.454081110706941
235900.0,189719.29147212172,46180.708527878276,19.576391915166713
161900.0,241756.67487697018,-79856.67487697018,49.32469109139603
394400.0,264049.39781728445,130350.60218271555,33.0503555230009
145800.0,133647.37608556566,12152.623914434342,8.335133000297903
184800.0,191126.80340990188,-6326.803409901884,3.423594918778076
242300.0,239168.9542619449,3131.045738055109,1.2922186289950923
335500.0,229893.8594715943,105606.1405284057,31.477240097885456
165500.0,148210.98192819522,17289.018071804778,10.446536599277811
204800.0,301078.83006544097,-96278.83006544097,47.0111474928911
159700.0,155351.46808769996,4348.531912300037,2.722937953850994
169100.0,144775.26727923352,24324.73272076648,14.384821242321985
478600.0,215281.63643218073,263318.36356781924,55.01846292683227
258900.0,257551.20486415035,1348.7951358496503,0.5209714700075899
324000.0,246058.7943964447,77941.20560355531,24.055927655418305
103100.0,77266.66667308692,25833.33332691308,25.05657936655003
138100.0,150736.2263111296,-12636.226311129605,9.150055257878064
91600.0,127851.4305170065,-36251.430517006505,39.57579750764902
228900.0,318725.1610200122,-89825.16102001222,39.242097431198005
138800.0,172943.6431026074,-34143.6431026074,24.599166500437608
252200.0,174888.36042017778,77311.63957982222,30.65489277550445
420300.0,348665.7774579877,71634.22254201228,17.043593276710038
243600.0,282216.42430014425,-38616.42430014425,15.852390927809626
142100.0,136149.5932385959,5950.406761404098,4.187478368335045
67500.0,59086.384835062025,8413.615164937975,12.46461505916737
92800.0,193778.77118782347,-100978.77118782347,108.8133310213615
190800.0,278086.7522615713,-87286.7522615713,45.74777372199754
223900.0,221379.940117172,2520.0598828280054,1.1255292017990197
143400.0,133573.15004429038,9826.849955709622,6.852754501889555
132700.0,89372.55246789393,43327.447532106075,32.6506763617981
99000.0,102734.46140081421,-3734.461400814209,3.772183233145666
67700.0,61490.890603207925,6209.109396792075,9.17150575597057
227400.0,294154.1840310996,-66754.1840310996,29.355401948592615
228600.0,251014.39954970108,-22414.399549701076,9.80507416872313
135800.0,119385.87027892051,16414.129721079487,12.086988012576942
362100.0,308492.89793301787,53607.10206698213,14.804502089749278
281300.0,260916.8504879527,20383.149512047297,7.2460538613747945
500001.0,506722.3186360809,-6721.31863608089,1.3442610386941007
90600.0,177317.11361380693,-86717.11361380693,95.71425343687298
66300.0,90785.77981478286,-24485.779814782858,36.93179459243267
150200.0,116259.57558129821,33940.42441870179,22.59682051844327
170300.0,169919.46165387248,380.5383461275196,0.22345175932326458
99300.0,76698.41202660948,22601.587973390517,22.760914374008575
322900.0,282383.2963264532,40516.703673546785,12.547755860497611
213200.0,159773.29603986768,53426.70396013232,25.05942962482754
217000.0,249096.49233352236,-32096.492333522358,14.791010291945787
267900.0,174174.27982700718,93725.72017299282,34.985337877190304
206300.0,146941.25247711342,59358.74752288658,28.773023520546086
376800.0,211619.7678431914,165180.2321568086,43.83764123057553
87500.0,77869.10798329685,9630.892016703147,11.006733733375025
304700.0,238696.88085897412,66003.11914102588,21.661673495577904
460200.0,280798.08311188826,179401.91688811174,38.98346738116292
128500.0,120118.51931839896,8381.480681601039,6.522553059611703
284600.0,301188.8118368207,-16588.811836820678,5.828816527343879
119600.0,143495.42104110372,-23895.42104110372,19.97944903102318
208600.0,225336.42202554297,-16736.42202554297,8.023212859800081
117500.0,243922.5106497215,-126422.51064972149,107.59362608486936
66900.0,87965.9392091929,-21065.939209192904,31.48869836949612
204800.0,194610.7863188587,10189.213681141293,4.975201992744772
74600.0,124643.63809079332,-50043.63809079332,67.08262478658622
109100.0,157064.02430487488,-47964.02430487488,43.96335866624646
114300.0,200536.09499242442,-86236.09499242442,75.44715222434333
308300.0,252673.52547733774,55626.47452266226,18.042969355388344
113000.0,116143.03374782484,-3143.0337478248402,2.781445794535257
91700.0,89753.03401898136,1946.9659810186422,2.1231908189952478
134200.0,170022.5520442946,-35822.5520442946,26.693406888446052
425000.0,241180.60412691635,183819.39587308365,43.251622558372624
53900.0,45397.36230045164,8502.637699548359,15.77483803255725
310600.0,242930.8287174878,67669.1712825122,21.786597322122407
241700.0,235662.42186839637,6037.57813160363,2.4979636456779604
226800.0,239784.31668834097,-12984.316688340972,5.725007358175032
100800.0,169506.05900154883,-68706.05900154883,68.16077281899685
238000.0,195864.5977013819,42135.40229861811,17.703950545637863
245500.0,235056.9220835747,10443.077916425304,4.253799558625379
156500.0,233191.1534237847,-76691.15342378471,49.003931900181925
115600.0,192946.20141303726,-77346.20141303726,66.90847873100108
66400.0,94176.49089158501,-27776.49089158501,41.832064595760556
58800.0,97959.70249272077,-39159.70249272077,66.59813349102171
223600.0,190029.35026438924,33570.64973561076,15.013707395174759
169300.0,95940.72884098881,73359.27115901119,43.330933939167856
166700.0,97508.17168619178,69191.82831380822,41.5067956291591
225000.0,252524.99697400135,-27524.996974001348,12.233331988445045
72600.0,55854.622371952486,16745.377628047514,23.065258440836796
160300.0,209312.9981755948,-49012.99817559481,30.575794245536375
147500.0,193517.29890129753,-46017.29890129753,31.198168746642395
91200.0,210259.1654194796,-119059.1654194796,130.54733050381535
208300.0,163847.4755356805,44452.52446431949,21.340626243072247
335300.0,241684.26763889755,93615.73236110245,27.91999175696464
58000.0,76674.79336083957,-18674.79336083957,32.197919587654425
226500.0,224573.7086272135,1926.2913727865089,0.8504597672346617
345200.0,395199.1252643956,-49999.12526439561,14.484103494900236
106800.0,121426.02209296777,-14626.022092967774,13.694777240606532
500001.0,18285.980925496056,481715.0190745039,96.34281112927853
275000.0,376482.1153694041,-101482.11536940408,36.90258740705603
95800.0,59665.77459821131,36134.22540178869,37.7183981229527
97200.0,143691.2434872277,-46491.24348722771,47.83049741484332
155000.0,168706.92436528436,-13706.924365284358,8.843177009860877
400000.0,369776.5235351627,30223.476464837324,7.5558691162093305
500001.0,236802.5647111853,263198.4352888147,52.639581778599386
304300.0,265065.3519553133,39234.648044686706,12.893410464898688
359200.0,342553.82605298754,16646.17394701246,4.6342355086337585
144700.0,251382.7527969014,-106682.75279690139,73.72685058528084
352800.0,230708.82187115282,122091.17812884718,34.60634300704285
355600.0,290109.34144708444,65490.658552915556,18.416945599807523
99100.0,132098.76261919492,-32998.762619194924,33.298448657108906
250400.0,251763.89164025907,-1363.8916402590694,0.5446851598478711
105600.0,113976.11177961505,-8376.11177961505,7.931924033726373
500001.0,394857.0630063587,105143.93699364131,21.02874534123758
162000.0,198901.3357504731,-36901.33575047311,22.77860231510686
272200.0,302686.7653589358,-30486.76535893581,11.20013422444372
245900.0,314030.3772809012,-68130.37728090119,27.706538137820736
183300.0,198503.29666292696,-15203.296662926965,8.294215309834678
220700.0,299176.4941624872,-78476.49416248722,35.55799463637844
161000.0,237604.44549614753,-76604.44549614753,47.58040092928418
303900.0,324980.95520131383,-21080.95520131383,6.9368065815445314
266200.0,249305.2379435847,16894.76205641529,6.346642395347592
90100.0,124111.58251613153,-34011.58251613153,37.7487042354401
87500.0,152536.9676269595,-65036.96762695949,74.32796300223941
209400.0,153142.48040300293,56257.51959699707,26.866055203914552
188700.0,205799.49072510307,-17099.490725103067,9.061733293642325
101400.0,142586.97851107465,-41186.978511074645,40.61832200303219
387500.0,347518.76121876104,39981.238781238964,10.317739040319733
359100.0,262730.0713939164,96369.92860608362,26.8365159025574
327300.0,226733.70679981698,100566.29320018302,30.726029086520935
279200.0,215871.38296040575,63328.617039594246,22.68216942678877
233600.0,282019.960061764,-48419.960061763995,20.727722629179794
163500.0,271937.3280881633,-108437.32808816328,66.3225248245647
124200.0,282895.6777668324,-158695.6777668324,127.77429771886668
450000.0,285855.68014240713,164144.31985759287,36.47651552390953
111900.0,128909.58808901638,-17009.588089016383,15.200704279728672
90800.0,144102.65405522534,-53302.65405522534,58.703363496944206
120600.0,198265.42378123614,-77665.42378123614,64.39919053170492
483800.0,336402.4964749331,147397.5035250669,30.466619165991503
366700.0,238762.9957026382,127937.0042973618,34.88873855941145
201000.0,184473.81631330028,16526.18368669972,8.221981933681452
333600.0,261048.20722345493,72551.79277654507,21.748139321506315
362500.0,231377.29016400513,131122.70983599487,36.17178202372273
170100.0,155534.52387713376,14565.47612286624,8.562890136899611
246700.0,269665.2152791164,-22965.21527911641,9.308964442284722
161200.0,202694.6856260588,-41494.68562605881,25.741120115421097
147000.0,121380.54873362299,25619.451266377015,17.428198140392524
117900.0,149219.13260045665,-31319.13260045665,26.564149788343215
111300.0,102797.04922470642,8502.950775293575,7.639668261719295
266500.0,240240.9766197165,26259.0233802835,9.853292075153282
113500.0,139649.9706674653,-26149.9706674653,23.039621733449604
329100.0,236864.10053769525,92235.89946230475,28.02670904354444
500001.0,294111.1508820836,205889.84911791643,41.17788746780835
236500.0,189110.3230484332,47389.6769515668,20.037918372755517
122200.0,133502.44537709115,-11302.44537709115,9.249136969796359
81900.0,111621.99925450044,-29721.999254500435,36.29059738034241
386400.0,323617.3123072535,62782.68769274652,16.24810758093854
184800.0,192235.11361490027,-7435.1136149002705,4.023329878192787
160700.0,228752.9841151825,-68052.98411518251,42.34784325773647
101600.0,109000.18016903124,-7400.180169031242,7.283641898652797
424000.0,333219.2587815596,90780.74121844041,21.410552174160475
262500.0,248871.53354500997,13628.466454990034,5.191796744758108
369400.0,183863.43476565892,185536.56523434108,50.22646595407176
115100.0,224238.4534199895,-109138.4534199895,94.82055032145048
281700.0,223233.30886194916,58466.69113805084,20.754948930795468
98100.0,169493.89638198842,-71393.89638198842,72.77665278490156
131100.0,168825.36660260585,-37725.36660260585,28.776023342948783
251800.0,211786.503695536,40013.496304464,15.890983441010325
232700.0,264569.81207891303,-31869.812078913033,13.695664838381191
139200.0,143135.532928355,-3935.532928355009,2.8272506669217017
71500.0,82629.05630943555,-11129.056309435546,15.565113719490272
340500.0,280201.51378563076,60298.486214369244,17.70880652404383
270800.0,234002.6115412661,36797.38845873391,13.588400464820499
155600.0,191236.6609480321,-35636.660948032106,22.902738398478217
89200.0,89500.62628760748,-300.6262876074761,0.337024986107036
167000.0,220221.15939209936,-53221.15939209936,31.868957719819978
103100.0,126291.92814869917,-23191.928148699168,22.494595682540414
180500.0,169617.54951486626,10882.45048513374,6.029058440517308
51200.0,44424.017214031745,6775.9827859682555,13.234341378844249
204600.0,242849.47657048833,-38249.47657048833,18.694758832105734
387200.0,215513.3827385786,171686.6172614214,44.340551978672885
162500.0,172056.7742642803,-9556.774264280306,5.881091854941727
120400.0,121587.68130862714,-1187.6813086271432,0.986446269623873
139700.0,143088.22922492493,-3388.2292249249294,2.4253609340908584
98200.0,107509.9444826844,-9309.944482684397,9.48059519621629
269400.0,269971.78542825556,-571.7854282555636,0.21224403424482688
269100.0,217101.97189102377,51998.02810897623,19.32293872500046
500001.0,301811.77705714165,198189.22294285835,39.637765313041044
49600.0,77688.94948737026,-28088.949487370264,56.63094654711747
58000.0,87820.61706179156,-29820.617061791563,51.4148570030889
65900.0,59096.95639165412,6803.043608345877,10.323283168961877
175400.0,189556.64363309872,-14156.64363309872,8.071062504617286
391800.0,356496.9722178334,35303.02778216661,9.010471613620881
280800.0,177353.13787765746,103446.86212234254,36.840050613369854
90700.0,135499.16143698667,-44799.16143698667,49.392680746402064
500001.0,509711.52291580546,-9710.522915805457,1.9421006989596936
92300.0,158008.5783294678,-65708.5783294678,71.19022570906587
227100.0,276552.0831826764,-49452.083182676404,21.77546595450304
162500.0,200710.22581674048,-38210.22581674048,23.51398511799414
290900.0,288908.2935777507,1991.706422249321,0.6846704786006603
183100.0,169239.04837445793,13860.951625542075,7.5701538096898275
283200.0,319368.97844834597,-36168.978448345966,12.77153193797527
177400.0,284398.50783426664,-106998.50783426664,60.314829669823354
238700.0,293687.5155747577,-54987.51557475771,23.036244480417974
321300.0,244177.49404551348,77122.50595448652,24.003269827104425
261500.0,285339.28859072307,-23839.288590723067,9.116362749798496
99300.0,161395.0133140237,-62095.0133140237,62.53274251160493
226100.0,254179.98880399537,-28079.988803995366,12.419278551081542
51700.0,47976.70853562819,3723.2914643718104,7.201724302459982
156900.0,216238.50650927628,-59338.50650927628,37.819315812158244
160900.0,207902.42407182753,-47002.424071827525,29.212196439917665
222400.0,236903.5946243764,-14503.59462437639,6.521400460600894
305200.0,285691.2194561652,19508.780543834786,6.3921299291726035
138800.0,183968.09648449675,-45168.09648449675,32.54185625684204
230700.0,262137.0172577097,-31437.017257709696,13.626795516995967
94300.0,132408.3848052679,-38108.38480526791,40.41186087515155
97200.0,153490.53810474018,-56290.538104740175,57.91207623944462
382100.0,304757.72698876774,77342.27301123226,20.241369539710092
193200.0,205456.8043394333,-12256.804339433293,6.344101624965473
209500.0,211254.4213520543,-1754.4213520543126,0.8374326262789081
231400.0,144445.54697771557,86954.45302228443,37.57755100358013
89300.0,171852.9096866814,-82552.9096866814,92.44446773424569
196100.0,224168.8687959198,-28068.868795919814,14.313548595573591
113500.0,74095.93320598683,39404.06679401317,34.7172394660909
178400.0,265181.9328563461,-86781.93285634607,48.644581197503406
406500.0,255337.41036689753,151162.58963310247,37.18636891343235
228200.0,193526.73627489165,34673.26372510835,15.194243525463783
234800.0,245435.63414605035,-10635.634146050346,4.529656791333196
231300.0,209862.64870916205,21437.35129083795,9.268202028031972
500001.0,404616.97151284135,95384.02848715865,19.07676754389664
184100.0,222659.3049577378,-38559.3049577378,20.944760976500703
213700.0,270370.0425253458,-56670.04252534581,26.51850375542621
500001.0,396234.5199813899,103766.48001861008,20.75325449721302
169200.0,212133.0178308229,-42933.01783082291,25.374124013488714
232400.0,277999.9131803806,-45599.913180380594,19.621305155069102
351700.0,442766.27868164645,-91066.27868164645,25.89316994075816
234600.0,219456.1779067616,15143.822093238414,6.455167132667696
112500.0,217224.91580338083,-104724.91580338083,93.08881404744963
145200.0,129852.79719347847,15347.202806521527,10.569698902563035
87200.0,90573.2740624558,-3373.2740624558064,3.868433557862163
53500.0,117176.7984180167,-63676.7984180167,119.02205311778822
43800.0,93265.96138845845,-49465.961388458454,112.93598490515629
94200.0,87614.94559565469,6585.054404345312,6.990503613954684
218800.0,157691.16274692924,61108.83725307076,27.92908466776543
191900.0,180404.17588388993,11495.824116110074,5.990528460713953
132200.0,177985.17492507302,-45785.17492507302,34.63326393727157
46800.0,52598.25765519761,-5798.257655197609,12.389439434182925
149700.0,261681.0359789671,-111981.03597896709,74.80363124847501
126300.0,129489.76653448411,-3189.766534484108,2.525547533241574
255900.0,255579.6677308157,320.33226918429136,0.1251786905761201
94500.0,133915.61732422473,-39415.61732422473,41.70964796214257
237100.0,260779.04903279414,-23679.049032794137,9.986946028171294
500001.0,367471.2924783735,132529.7075216265,26.505888492548312
87500.0,209027.6825913002,-121527.6825913002,138.88878010434308
126600.0,130473.19411633498,-3873.194116334984,3.059395036599513
245100.0,269094.74219580035,-23994.742195800354,9.789776497674563
157400.0,227963.35409945727,-70563.35409945727,44.830593455817834
78400.0,141761.44050877728,-63361.440508777276,80.81816391425673
218100.0,230574.707201896,-12474.707201896003,5.719719028838148
350000.0,263885.2556137941,86114.74438620592,24.60421268177312
198400.0,182306.72966059652,16093.270339403476,8.111527388812236
143900.0,94081.2909715776,49818.709028422396,34.62036763615177
337900.0,298872.17239903385,39027.82760096615,11.550111749324104
76300.0,107638.99253969603,-31338.99253969603,41.07338471781918
160100.0,254820.18732810154,-94720.18732810154,59.16314011749003
130600.0,159100.15192221227,-28500.151922212273,21.822474672444315
112500.0,148529.11755856255,-36029.117558562546,32.02588227427782
329200.0,273991.08980397566,55208.91019602434,16.770628856629507
233300.0,174632.36233517952,58667.637664820475,25.146865694307962
99200.0,162673.17590676062,-63473.17590676062,63.985056357621595
197900.0,230762.81243772776,-32862.812437727756,16.605766769948335
204100.0,274983.6886915073,-70883.68869150733,34.729881769479334
350000.0,244872.74197984664,105127.25802015336,30.03635943432953
62100.0,66337.50964295256,-4237.509642952558,6.823687025688501
140400.0,110985.94466676799,29414.055333232012,20.950181861276363
152100.0,243730.52432073516,-91630.52432073516,60.243605733553686
130500.0,95191.51270113915,35308.487298860855,27.05631210640679
195100.0,261852.44899085897,-66752.44899085897,34.21447923672935
199500.0,239002.86961599448,-39502.86961599448,19.800937150874425
137500.0,192928.97080234133,-55428.970802341326,40.31197876533915
275000.0,220974.13448950497,54025.86551049503,19.64576927654365
122900.0,215333.70403744455,-92433.70403744455,75.21049962363267
109000.0,188135.33661602437,-79135.33661602437,72.60122625323338
121700.0,103213.3292764088,18486.670723591204,15.190362139351851
302000.0,343212.03757981875,-41212.037579818745,13.646370059542631
241700.0,227491.67363251108,14208.326367488917,5.878496635287099
153200.0,226950.96016005328,-73750.96016005328,48.14031342040031
169300.0,270677.3870960964,-101377.38709609641,59.880323151858484
358500.0,387344.6360636074,-28844.63606360741,8.04592358817501
175000.0,196523.77000100835,-21523.77000100835,12.299297143433343
112500.0,114337.76227642124,-1837.7622764212429,1.6335664679299935
376000.0,348063.1575473271,27936.842452672892,7.430011290604492
118800.0,89585.44752953948,29214.55247046052,24.591374133384274
401000.0,342315.48589293496,58684.51410706504,14.634542171337916
107900.0,84048.07479381814,23851.925206181855,22.105584065043423
339700.0,251996.6680080644,87703.33199193561,25.817878125385814
158000.0,210624.22644348617,-52624.22644348617,33.30647243258619
468800.0,324913.9717051883,143886.02829481172,30.692412178927412
63100.0,68420.47837174227,-5320.478371742269,8.43181992352182
184600.0,217056.37955793468,-32456.379557934677,17.58200409422247
189700.0,273187.0672374439,-83487.06723744387,44.01005125853657
190900.0,276752.61662520975,-85852.61662520975,44.97255978271857
67500.0,194529.8057822411,-127029.8057822411,188.19230486257942
85300.0,125675.47752388983,-40375.47752388983,47.33350237267272
173600.0,160497.07066720288,13102.929332797125,7.547770352993735
129700.0,168711.02429806144,-39011.02429806144,30.077890746385076
181000.0,272671.0850589667,-91671.08505896671,50.64700831987111
500001.0,686923.764060084,-186922.764060084,37.38447804306072
376200.0,374847.31466633244,1352.6853336675558,0.35956547944379474
243000.0,281839.719772708,-38839.71977270802,15.983423774776965
148200.0,120675.07211145437,27524.92788854563,18.572825835725794
238100.0,276761.1405603378,-38661.14056033781,16.237354288256114
450000.0,292572.46079074836,157427.53920925164,34.98389760205592
240000.0,249431.4558122796,-9431.4558122796,3.9297732551165003
500001.0,153584.61835782247,346416.3816421775,69.28313776215998
274100.0,255300.73892112332,18799.261078876676,6.858541072191418
190100.0,219089.8397717762,-28989.839771776198,15.249784203985376
268400.0,264401.24051862047,3998.7594813795295,1.489850775476725
349300.0,235402.95650687153,113897.04349312847,32.60722688036887
275700.0,243642.46393474384,32057.536065256165,11.627688090408475
182800.0,215926.9647818619,-33126.9647818619,18.12197198132489
500001.0,611869.302357794,-111868.30235779402,22.373615724327355
213200.0,235318.42207445926,-22118.42207445926,10.374494406406782
179500.0,204945.4443450236,-25445.4443450236,14.175735011155208
138500.0,143145.37265631658,-4645.372656316584,3.354059679650963
181300.0,168108.17204754328,13191.827952456719,7.276242665447722
340500.0,221639.05983260932,118860.94016739068,34.90776510055527
225000.0,185611.8335312039,39388.16646879609,17.505851763909373
68300.0,123051.88348524728,-54751.88348524728,80.16381183784375
237900.0,261494.81140349904,-23594.811403499043,9.917953511348903
149700.0,172248.49212897124,-22548.492128971237,15.062452991964753
125800.0,193816.77134493602,-68016.77134493602,54.06738580678538
87600.0,188180.94792790394,-100580.94792790394,114.8184337076529
125000.0,159602.0050039826,-34602.0050039826,27.681604003186084
168800.0,118369.04122719566,50430.95877280434,29.876160410429115
135000.0,201573.92318309608,-66573.92318309608,49.31401717266376
86300.0,132193.00230446487,-45893.00230446487,53.17844994723623
64900.0,107164.01895628578,-42264.018956285785,65.1217549403479
106300.0,174791.91492473622,-68491.91492473622,64.43265750210368
285700.0,303899.45361279417,-18199.45361279417,6.370127270841501
272400.0,292834.2084232385,-20434.20842323848,7.501544942451718
217700.0,263963.7231001688,-46263.723100168805,21.251136012939277
91800.0,170136.0183379484,-78336.0183379484,85.33335330931197
163000.0,211237.65508647563,-48237.65508647563,29.59365342728566
195100.0,172103.08305706605,22996.916942933953,11.787245998428473
32500.0,81431.294985763,-48931.294985763,150.55783072542462
275300.0,144795.6302998998,130504.36970010019,47.40442052310214
136900.0,166307.67527198474,-29407.675271984743,21.48113606426935
194100.0,176312.94651589586,17787.053484104137,9.163860630656433
230200.0,236426.65406079288,-6226.654060792876,2.7048888187631954
143600.0,140355.25645590475,3244.743544095254,2.259570713158255
39600.0,59060.74439797556,-19460.744397975563,49.14329393428172
59800.0,76995.00507886976,-17195.005078869755,28.754189095099925
210700.0,254842.2485697206,-44142.2485697206,20.950284086246132
156300.0,66138.74839512142,90161.25160487858,57.68474190971118
215600.0,234654.53489681028,-19054.534896810277,8.837910434513116
177500.0,180580.21558552538,-3080.2155855253804,1.735332724239651
218900.0,211278.04112751232,7621.958872487681,3.4819364424338426
128400.0,132337.4083273943,-3937.4083273943106,3.0665173889363793
190600.0,201419.58782188752,-10819.587821887515,5.676593820507615
398300.0,272488.69538708945,125811.30461291055,31.587071205852514
367100.0,193819.11563283222,173280.88436716778,47.20263807332274
122500.0,186989.5329304072,-64489.53293040721,52.64451667788344
376100.0,165302.2589972077,210797.7410027923,56.04832252134866
157600.0,156290.76138677614,1309.2386132238607,0.8307351606750385
178100.0,133461.23565542843,44638.764344571566,25.06387666736191
72400.0,44155.56823159038,28244.431768409617,39.01164608896356
287600.0,267089.2300855394,20510.7699144606,7.1317002484216285
175000.0,180003.43459958647,-5003.434599586471,2.859105485477984
280800.0,443055.14922611293,-162255.14922611293,57.783172801322266
160500.0,126310.57709250531,34189.42290749469,21.301821126164917
158600.0,204092.74891194125,-45492.74891194125,28.68395265570066
144300.0,172631.22812296392,-28331.22812296392,19.633560722774718
136300.0,187361.2102882667,-51061.21028826671,37.46236998405481
218200.0,252096.73956137153,-33896.739561371534,15.534711073039201
466400.0,341350.79019509203,125049.20980490797,26.811580146849906
386100.0,459952.29684158985,-73852.29684158985,19.12776400973578
251200.0,162986.33948049304,88213.66051950696,35.11690307305213
190400.0,151546.90346236294,38853.09653763706,20.406038097498456
223100.0,242358.6197982632,-19258.619798263186,8.632281397697527
361000.0,261882.6571660192,99117.3428339808,27.456327654842326
275000.0,52980.11295214735,222019.88704785265,80.73450438103733
70800.0,112488.72787102897,-41688.72787102897,58.882383998628484
460000.0,228986.16091043604,231013.83908956396,50.22039980207912
67500.0,80231.88425664419,-12731.884256644189,18.862050750583983
225000.0,100630.08356592534,124369.91643407466,55.2755184151443
176100.0,219024.1811256923,-42924.181125692296,24.37488990669636
52400.0,106112.10689278488,-53712.10689278488,102.5040207877574
167600.0,212277.49651122224,-44677.49651122224,26.657217488796086
99700.0,138303.970328174,-38603.97032817401,38.720130720335014
88900.0,149678.0107536902,-60778.01075369021,68.36671625836918
223700.0,213950.90496568658,9749.095034313417,4.358111325128931
180500.0,207814.02262981865,-27314.022629818646,15.132422509594818
93200.0,150053.45733217924,-56853.45733217924,61.00156366113653
173800.0,174603.10245041008,-803.1024504100787,0.4620842637572375
490800.0,393094.9063474854,97705.09365251462,19.90731329513338
104200.0,139102.63497649395,-34902.63497649395,33.49581091794045
276100.0,218290.36620660406,57809.633793395944,20.937933282649745
254700.0,236585.32978653652,18114.670213463483,7.112159487029243
212300.0,276400.64828993636,-64100.64828993636,30.193428304256408
87500.0,79582.04581256316,7917.954187436844,9.049090499927823
94200.0,128827.7692571031,-34627.76925710309,36.7598399756933
163500.0,233087.0434805029,-69587.0434805029,42.560882862692914
500001.0,238910.4864103502,261090.5135896498,52.2179982819334
125000.0,192084.11010257562,-67084.11010257562,53.667288082060495
182300.0,200955.25960919194,-18655.25960919194,10.2332746073461
111700.0,146695.3265479627,-34995.3265479627,31.329746238104477
146000.0,189582.40542906485,-43582.40542906485,29.85096262264716
500001.0,421010.5517845052,78990.4482154948,15.798058046982867
320500.0,287539.49937134306,32960.50062865694,10.284087559643352
48000.0,64043.57067677181,-16043.570676771807,33.42410557660793
168800.0,277668.30739885673,-108868.30739885673,64.49544277183456
67500.0,35420.12971598105,32079.87028401895,47.52573375410215
173100.0,155627.43670098943,17472.563299010566,10.093912939925225
150000.0,74531.94586443837,75468.05413556163,50.31203609037442
329200.0,272584.934410535,56615.065589465026,17.197772050262767
141000.0,178375.55202907836,-37375.55202907836,26.507483708566216
378000.0,348640.8017897552,29359.198210244824,7.766983653503921
80200.0,50512.197043857916,29687.802956142084,37.01721066850634
203300.0,202264.1408736293,1035.8591263706912,0.5095224428778609
394900.0,370412.42796543957,24487.572034560435,6.200955187277902
84500.0,105849.39908934743,-21349.399089347426,25.26556105248216
327300.0,258425.57455631671,68874.42544368329,21.04320972920357
201200.0,220472.97658138728,-19272.97658138728,9.579014205460874
162500.0,230711.26204375795,-68211.26204375795,41.9761612576972
266000.0,320992.6335271466,-54992.633527146594,20.67392237862654
221200.0,241602.02806042664,-20402.028060426645,9.223339991151287
176500.0,224025.87641533656,-47525.87641533656,26.926842161663778
206300.0,221844.80550576648,-15544.805505766475,7.535048718258107
500001.0,631648.2116205695,-131647.21162056946,26.329389665334563
186700.0,160608.21679052524,26091.783209474757,13.975245425535487
112500.0,199991.02346392564,-87491.02346392564,77.76979863460056
90500.0,103770.21126610847,-13270.211266108468,14.663216868628142
190800.0,226405.50296303726,-35605.50296303726,18.66116507496712
198800.0,120832.36194540092,77967.63805459908,39.21913383028123
165600.0,252116.61581783512,-86516.61581783512,52.244333223330386
500001.0,442654.42690272216,57346.57309727784,11.469291680872207
145700.0,198057.0105194399,-52357.01051943991,35.93480474910083
91300.0,137590.90543049987,-46290.90543049987,50.70197747042702
140400.0,202248.50980841834,-61848.50980841834,44.05164516269113
191700.0,175706.36654474147,15993.633455258532,8.343053445622605
61100.0,82552.04861192277,-21452.04861192277,35.10973586239406
153000.0,146694.3329274663,6305.667072533688,4.121351027799796
85500.0,128756.20038849978,-43256.20038849978,50.59204723801144
164500.0,143524.2607400734,20975.739259926602,12.751209276551126
386200.0,378388.6753268763,7811.324673123716,2.0226112566348307
341300.0,323940.8870623071,17359.112937692902,5.0861743151751835
246400.0,242383.26848801714,4016.7315119828563,1.630167009733302
121800.0,129440.71336451515,-7640.713364515148,6.273163681867938
132500.0,226055.01108606078,-93555.01108606078,70.60755553664964
98000.0,158207.1506899906,-60207.15068999061,61.43586805101082
241400.0,213231.69745116745,28168.30254883255,11.668725165216468
171300.0,253238.09125717182,-81938.09125717182,47.83309472105769
120100.0,172076.0576662104,-51976.0576662104,43.277316957710575
500001.0,677332.3576238751,-177331.35762387514,35.466200592373845
192700.0,257424.86873274652,-64724.868732746516,33.588411381809294
232800.0,176660.62311012403,56139.37688987597,24.114852615926104
191800.0,208310.39457704502,-16510.394577045023,8.608130644966122
196300.0,230956.99749612607,-34656.997496126074,17.655118439188016
293900.0,315720.54843800655,-21820.548438006546,7.4244805845547965
84600.0,163891.79412388368,-79291.79412388368,93.72552496912965
500001.0,419131.7165429384,80869.28345706163,16.173824343763638
500001.0,397771.6997931433,102229.30020685669,20.445819149733037
107300.0,228120.47891024494,-120820.47891024494,112.6006327215703
150000.0,233178.4758318395,-83178.47583183949,55.45231722122632
204200.0,215635.04072680965,-11435.040726809646,5.599922001375929
268300.0,278648.0730660383,-10348.073066038312,3.8569038635998183
103500.0,123650.40734154536,-20150.40734154536,19.468992600526917
161500.0,166686.83731540822,-5186.837315408222,3.2116639723889917
222400.0,190103.95230330862,32296.047696691385,14.521604180166989
166900.0,165993.24457270736,906.7554272926354,0.5432926466702429
229200.0,247231.27840667183,-18031.27840667183,7.8670499156508855
205900.0,155000.62864941638,50899.37135058362,24.720432904605936
95500.0,50358.675017946836,45141.324982053164,47.268403122568756
162500.0,257909.48893877675,-95409.48893877675,58.71353165463184
240700.0,245309.50951301144,-4609.509513011435,1.9150434204451328
82800.0,122421.74446384897,-39621.74446384897,47.85234838629103
230200.0,171686.31602499253,58513.68397500747,25.418629007388127
185900.0,169007.94422663684,16892.055773363158,9.08663570379944
105800.0,129493.78301228305,-23693.78301228305,22.394879973802503
118800.0,144640.3008934743,-25840.300893474312,21.75109502817703
194400.0,242461.64729558822,-48061.64729558822,24.723069596495996
183300.0,202639.55084299663,-19339.55084299663,10.55076423513182
292500.0,217047.70190568105,75452.29809431895,25.79565746814323
144200.0,165476.8283992025,-21276.828399202495,14.755082107630024
500001.0,241337.02234855352,258663.97765144648,51.73269206490516
134200.0,234140.04035941637,-99940.04035941637,74.47096897124915
52800.0,56567.91433603031,-3767.9143360303133,7.136201393996805
188700.0,220183.9410130325,-31483.941013032512,16.684653425030476
204000.0,267095.3590941553,-63095.35909415531,30.92909759517417
179500.0,195239.25034382826,-15739.250343828258,8.768384592661981
98900.0,104971.01401458646,-6071.014014586457,6.13853793183666
279900.0,225208.45751133203,54691.54248866797,19.5396722003101
327700.0,265471.6203702921,62228.379629707895,18.989435346264234
208000.0,186679.06325725862,21320.93674274138,10.250450357087203
208300.0,270260.9890736177,-61960.989073617675,29.746034120795812
112500.0,259278.00685949854,-146778.00685949854,130.46933943066537
234700.0,317524.3383150628,-82824.3383150628,35.28944964425344
214500.0,235037.90719959352,-20537.907199593523,9.574781911232412
338500.0,323553.02115328726,14946.978846712736,4.415651062544383
500001.0,705412.6266153087,-205411.6266153087,41.08224315857542
284100.0,261454.41625553614,22645.58374446386,7.970990406358275
500001.0,393798.9239982503,106202.07600174972,21.240372719604505
181300.0,125179.5535244788,56120.446475521196,30.954465789035407
125000.0,124873.22520706349,126.77479293651413,0.1014198343492113
412500.0,229641.48460279574,182858.51539720426,44.32933706598891
112500.0,96991.90920924887,15508.090790751128,13.784969591778781
90300.0,62925.8549118166,27374.145088183403,30.31466787174242
96000.0,208804.01006887894,-112804.01006887894,117.50417715508223
142500.0,198242.69701220456,-55742.69701220456,39.11768211382776
266300.0,273518.4047192988,-7218.404719298822,2.710628884453181
165000.0,163541.2959566663,1458.7040433337097,0.8840630565658847
118000.0,140278.04565667422,-22278.04565667422,18.87969970904595
156400.0,235508.82967021523,-79108.82967021523,50.5810931395238
426800.0,425804.4210467624,995.578953237622,0.23326592156457873
308600.0,274210.9837173007,34389.016282699304,11.143556799319281
239200.0,103884.8039552931,135315.1960447069,56.56989801200122
109400.0,168992.194362487,-59592.194362487004,54.4718412819808
66600.0,52163.38631936113,14436.613680638868,21.676597118076376
368500.0,326745.130871814,41754.86912818602,11.33103639842226
330500.0,317825.7084322244,12674.291567775595,3.8348839841983646
273600.0,265062.13988737925,8537.86011262075,3.120562906659631
500001.0,488501.9004119157,11499.099588084326,2.299815317986229
321100.0,338307.2981301842,-17207.29813018418,5.358859585856175
242600.0,191340.18824983903,51259.81175016097,21.129353565606333
231900.0,239903.47715056513,-8003.47715056513,3.451262246901738
151400.0,219488.14415590063,-68088.14415590063,44.972354132034766
227800.0,261957.35945531848,-34157.35945531848,14.994451033941388
380000.0,360801.84768961347,19198.152310386533,5.052145344838562
95200.0,154041.42072008096,-58841.42072008096,61.80821504210186
193900.0,188883.0303378282,5016.9696621717885,2.587400547793599
260700.0,219438.52237246852,41261.47762753148,15.827187429049284
191000.0,154579.60024033693,36420.399759663065,19.068272125478046
64900.0,92161.6174793931,-27261.6174793931,42.00557392818659
128300.0,219017.69243599827,-90717.69243599827,70.70747656741875
189800.0,282559.28141825454,-92759.28141825454,48.87211876620366
183300.0,162222.93112484165,21077.06887515835,11.49867369075742
151800.0,52979.193260682136,98820.80673931786,65.09934567807501
257300.0,221954.98469757108,35345.01530242892,13.736888963244818
137500.0,60399.95783994836,77100.04216005164,56.07275793458302
125000.0,81409.25489936493,43590.745100635075,34.87259608050806
218100.0,210541.5537123305,7558.446287669503,3.465587477152455
168100.0,214842.3848344573,-46742.384834457305,27.80629674863611
231800.0,190563.8561901187,41236.143809881294,17.789535724711516
149000.0,144374.35869065154,4625.641309348459,3.1044572545962814
170300.0,248015.8261966851,-77715.82619668511,45.6346601272373
391300.0,276355.2928076425,114944.70719235751,29.37508489454575
282300.0,263672.6116552869,18627.38834471308,6.5984372457361244
500001.0,391106.2383473936,108894.76165260642,21.77890877270374
135400.0,103715.5359895462,31684.464010453798,23.400638117026435
328400.0,237806.786422044,90593.21357795599,27.5862404317771
350000.0,215624.61429797253,134375.38570202747,38.39296734343642
182300.0,231901.39173535476,-49601.39173535476,27.208662498823237
500001.0,557865.8301257163,-57864.83012571628,11.572942879257496
192000.0,174346.30952886466,17653.69047113534,9.194630453716323
240800.0,278641.9759942824,-37841.9759942824,15.715106309917942
175000.0,225800.24517481815,-50800.24517481815,29.028711528467515
126400.0,142982.0526934718,-16582.052693471807,13.118712573949216
125900.0,195135.60212337537,-69235.60212337537,54.99253544350705
194700.0,259310.56791865273,-64610.56791865273,33.184677924320866
341800.0,346728.67713450035,-4928.677134500351,1.4419769264190612
211900.0,200969.50286868753,10930.49713131247,5.158328046867612
137500.0,-163266.31056674098,300766.310566741,218.7391349576298
270600.0,231528.2340906753,39071.76590932469,14.43893788223381
172300.0,220897.3395684752,-48597.3395684752,28.205072297431922
262100.0,211839.34470164264,50260.655298357364,19.17613708445531
149100.0,170215.07263721715,-21115.07263721715,14.161685202694265
339100.0,244315.14828363288,94784.85171636712,27.95188785501832
248600.0,234785.1510650928,13814.848934907204,5.557059104950604
128700.0,178889.2248303159,-50189.224830315914,38.997066690222155
343900.0,251280.69925145325,92619.30074854675,26.932044416559105
175000.0,203160.3401468509,-28160.34014685091,16.09162294105766
287500.0,214914.41996859683,72585.58003140317,25.247158271792408
143600.0,166540.02023855294,-22940.02023855294,15.97494445581681
346200.0,264702.4746998077,81497.5253001923,23.540590785728565
232200.0,300941.37497744,-68741.37497743999,29.604381988561578
200000.0,243872.27418502272,-43872.27418502272,21.93613709251136
241500.0,304385.5031971835,-62885.50319718348,26.03954583734306
67500.0,83261.55336915237,-15761.553369152374,23.350449435781297
191700.0,135064.5610120169,56635.4389879831,29.543786639532133
178300.0,222452.4905063729,-44152.49050637291,24.763034496002753
178200.0,244209.05504423438,-66009.05504423438,37.04211843110796
133200.0,145980.37158103497,-12780.371581034968,9.59487355933556
273800.0,230865.6254503838,42934.37454961619,15.680925693797002
152200.0,164106.67946790092,-11906.679467900918,7.823048270631353
187100.0,176954.70495333607,10145.29504666393,5.422391794048066
137500.0,82592.75722149883,54907.24277850117,39.9325402025463
110400.0,101914.11492891095,8485.885071089055,7.686490100624144
240600.0,183731.17624322104,56868.82375677896,23.63625260049001
162500.0,183921.3737835943,-21421.37378359429,13.182383866827255
83800.0,99389.05204470923,-15589.052044709228,18.602687404187623
265600.0,266812.97292784427,-1212.9729278442683,0.45669161439919737
211500.0,256935.43393105356,-45435.43393105356,21.482474671892934
173400.0,227023.2787030971,-53623.27870309711,30.9246128622244
310000.0,137606.7368630343,172393.2631369657,55.610730044182475
99500.0,150770.04896126993,-51270.04896126993,51.527687398261236
191400.0,205226.1723185526,-13826.172318552592,7.223705495586516
220100.0,189074.15117929655,31025.848820703453,14.096251167970674
167300.0,229921.11074606076,-62621.11074606076,37.430430810556345
65000.0,91088.88224994735,-26088.882249947346,40.13674192299592
141800.0,235832.6761514498,-94032.67615144979,66.31359390088137
290600.0,241489.80581437482,49110.19418562518,16.899585060435367
319200.0,219959.37923100602,99240.62076899398,31.090420040411647
118800.0,114532.33621604832,4267.663783951677,3.592309582450907
200000.0,199347.36549707907,652.6345029209333,0.32631725146046664
219500.0,201557.6760086948,17942.323991305195,8.17417949489986
289400.0,274377.9687114898,15022.031288510188,5.190750272463783
116400.0,177234.0159334191,-60834.01593341911,52.26290028644254
162300.0,215926.6964780573,-53626.6964780573,33.04171070736741
114100.0,126694.8131741512,-12594.813174151204,11.038398925636463
71300.0,115752.6718457411,-44452.671845741104,62.345963318009964
190500.0,229831.240259318,-39331.240259318,20.646320346098687
197300.0,231541.93034030384,-34241.930340303836,17.355261196301992
72200.0,91599.84934427316,-19399.849344273156,26.869597429741216
103300.0,206564.11873979936,-103264.11873979936,99.9652649949655
143000.0,220547.702008156,-77547.70200815599,54.22916224346572
244900.0,318461.68121092295,-73561.68121092295,30.037436182492016
500001.0,342729.90734409005,157271.09265590995,31.454155622870744
183300.0,148796.73363473357,34503.266365266434,18.82338590576456
86100.0,125120.9451885112,-39020.94518851121,45.32049383102347
218400.0,263234.95546260645,-44834.95546260645,20.52882576126669
110800.0,139291.79176526974,-28491.791765269736,25.714613506561136
211300.0,215391.1363951408,-4091.136395140813,1.9361743469667834
338800.0,322508.9900492725,16291.009950727515,4.808444495492183
123100.0,133558.44488989227,-10458.444889892271,8.49589349300753
269500.0,120504.9155683969,148995.08443160309,55.285745614695024
321400.0,197916.1251208736,123483.87487912641,38.420620684233484
81900.0,115447.87205727413,-33547.87205727413,40.961992743924455
500001.0,473238.7797870142,26762.22021298582,5.3524333377304885
304600.0,293658.17602384,10941.823976160027,3.5921943454235152
72900.0,88812.89753245663,-15912.897532456627,21.828391676895237
158000.0,183381.04642588817,-25381.04642588817,16.063953434106438
62200.0,86866.27492217672,-24666.274922176715,39.65639055012334
116300.0,14129.304393953149,102170.69560604685,87.8509850438924
314100.0,133820.3434096444,180279.6565903556,57.39562451141534
362500.0,291914.37869417376,70585.62130582624,19.47189553264172
500001.0,425678.5513858567,74322.4486141433,14.864459993908671
74100.0,166444.99551294371,-92344.99551294371,124.62212619830461
150000.0,177223.1823257488,-27223.182325748814,18.148788217165876
270000.0,268592.7256251122,1407.2743748878129,0.5212127314399307
120800.0,105309.78129348972,15490.218706510277,12.823028730554864
250000.0,282597.9649286256,-32597.964928625617,13.039185971450246
72200.0,175911.16076271838,-103711.16076271838,143.6442669843745
375000.0,211652.34568575345,163347.65431424655,43.55937448379908
239600.0,253151.82606436213,-13551.826064362132,5.656020894975848
183300.0,237662.83095866963,-54362.83095866963,29.65784558574448
161200.0,245444.62115209084,-84244.62115209084,52.26093123578836
251000.0,212666.59217657396,38333.40782342604,15.272274033237466
45500.0,46287.02123414446,-787.0212341444567,1.7297169981196852
178100.0,171774.63202502314,6325.3679749768635,3.5515822431088506
258900.0,310110.2601175868,-51210.26011758682,19.779938245495103
145800.0,207631.88319401114,-61831.88319401114,42.40869903567294
84700.0,70673.80810306381,14026.191896936187,16.559848756713325
216700.0,156164.60313025172,60535.39686974828,27.935116229694636
130400.0,140325.89592713208,-9925.895927132078,7.611883379702514
158500.0,124209.58073816566,34290.41926183434,21.63433391913838
117800.0,96250.78126341295,21549.21873658705,18.293054954657936
215000.0,227211.67856082437,-12211.678560824366,5.679850493406682
268600.0,260463.34189045551,8136.658109544485,3.0292844786092648
100000.0,80475.50247341837,19524.497526581632,19.524497526581634
332700.0,412305.0197349979,-79605.01973499788,23.926967158099753
186700.0,177556.6438967954,9143.356103204598,4.897351956724476
53000.0,91368.56750437607,-38368.56750437607,72.3935235931624
149700.0,213134.49072228486,-63434.490722284856,42.37440930012348
345800.0,258992.51700661515,86807.48299338485,25.10337854059712
124500.0,183033.22426726198,-58533.224267261976,47.014637965672264
475800.0,432124.73390288686,43675.26609711314,9.179332933399147
500001.0,323005.3759851589,176995.6240148411,35.39905400486021
500001.0,556710.1027231559,-56709.10272315587,11.341797861035452
175900.0,213308.67277059855,-37408.672770598554,21.267011239680816
183300.0,247395.4073592507,-64095.407359250705,34.967489012138955
253100.0,307078.77151311,-53978.77151311003,21.32705314623075
117800.0,125368.95432577515,-7568.95432577515,6.425258341065493
143500.0,158289.7326522346,-14789.732652234612,10.306433903996245
500001.0,294795.7887078496,205205.21129215037,41.04096017650972
142300.0,136583.29571377294,5716.704286227061,4.017360707116698
121000.0,170820.9740269905,-49820.9740269905,41.17435869999215
268800.0,237669.53288241572,31130.46711758428,11.58127496933939
330200.0,300555.8689982343,29644.131001765723,8.977629013254306
121800.0,179755.44263157708,-57955.44263157708,47.58246521475951
416900.0,246707.36892803854,170192.63107196146,40.823370369863625
266700.0,325599.94481687504,-58899.94481687504,22.084718716488577
189400.0,197669.30965892345,-8269.309658923448,4.366055786126425
443600.0,300961.4075810405,142638.59241895948,32.1547773712713
163000.0,168841.26793506584,-5841.267935065844,3.583599960163094
382500.0,316911.6954570879,65588.30454291211,17.14726916154565
106300.0,167237.4586670478,-60937.45866704779,57.32592536881259
57800.0,84513.42042686263,-26713.420426862634,46.216990357893835
57500.0,91957.91645147154,-34457.91645147154,59.9268112199505
238000.0,258881.53133010954,-20881.531330109545,8.773752659709892
218900.0,264709.4445162685,-45809.4445162685,20.927110331780952
118600.0,158622.38131681157,-40022.381316811574,33.74568407825597
309100.0,253267.34250296775,55832.657497032254,18.062975573287694
213200.0,222764.80856326674,-9564.808563266735,4.486307956504097
180200.0,189329.40075506037,-9129.400755060371,5.0662601304441575
470800.0,292735.23784703354,178064.76215296646,37.821742173527284
337200.0,93961.48568773916,243238.51431226084,72.13479072131105
95300.0,104648.6064651297,-9348.606465129706,9.809660509055306
103900.0,103589.38204985522,310.61795014477684,0.29895856606812016
500001.0,223067.08958833537,276933.91041166463,55.38667130899031
215000.0,239590.0564284935,-24590.056428493495,11.43723554813651
189400.0,228860.6749609207,-39460.6749609207,20.834569673136592
171400.0,181959.1292593473,-10559.129259347304,6.160518821089442
357000.0,257653.43584370226,99346.56415629774,27.828169231455952
196200.0,232490.67080007502,-36290.67080007502,18.496774108091245
98500.0,111452.81840166336,-12952.81840166336,13.150069443313056
178800.0,196254.8929060079,-17454.89290600791,9.762244354590553
226600.0,258117.34039009555,-31517.340390095545,13.908799819106596
171400.0,225237.48995101202,-53837.489951012016,31.410437544347737
271400.0,262731.0689579704,8668.93104202958,3.194152926318931
216800.0,245777.69775969323,-28977.697759693227,13.366096752626028
67900.0,100112.04424875168,-32212.044248751685,47.440418628500275
171300.0,148721.32050698076,22578.67949301924,13.180781957395936
110900.0,158777.9465811302,-47877.94658113021,43.17217906323734
332500.0,278871.092961937,53628.907038062986,16.128994597913678
150000.0,198252.49130992373,-48252.49130992373,32.16832753994915
173400.0,220343.99731392704,-46943.997313927044,27.07266281079991
237500.0,266621.7087610337,-29121.70876103372,12.261772109908934
65800.0,111020.7857208758,-45220.78572087581,68.72459835999362
173100.0,231611.10841165652,-58511.10841165652,33.80191127189862
321200.0,250841.06502508206,70358.93497491794,21.905023342128874
265000.0,215431.0575373807,49568.94246261931,18.705261306648797
87500.0,83082.07405432782,4417.9259456721775,5.049058223625345
210300.0,267424.3863967677,-57124.38639676769,27.163284068838657
247800.0,220659.2972251698,27140.70277483019,10.952664558042855
375700.0,349290.37401467527,26409.625985324732,7.029445298196628
113700.0,97433.74242105972,16266.257578940276,14.306295144186699
500001.0,374994.66512006614,125006.33487993386,25.001216973552825
45600.0,40390.43401203139,5209.565987968614,11.424486815720645
130600.0,99837.4488554467,30762.551144553305,23.554786481281244
198600.0,249638.2640868193,-51038.26408681931,25.699025219949302
436700.0,327963.3846864472,108736.61531355279,24.899614223391982
92600.0,121085.31178729546,-28485.31178729546,30.7616757962154
150000.0,177862.0734990642,-27862.073499064194,18.574715666042795
359900.0,267068.95651641645,92831.04348358355,25.79356584706406
500001.0,505870.9937049531,-5869.9937049531145,1.173996392997837
93800.0,154461.1183235396,-60661.11832353959,64.67070183746225
383300.0,320894.74620223895,62405.25379776105,16.281047168734947
191700.0,159748.31445469038,31951.68554530962,16.66754592869568
267200.0,261984.61400564804,5215.385994351964,1.9518660158502856
280200.0,194459.22312940157,85740.77687059843,30.599848990220714
52100.0,74647.35861507888,-22547.358615078876,43.277079875391316
110200.0,117621.478300216,-7421.478300215997,6.734553811448272
164600.0,135040.6152150158,29559.3847849842,17.958313964145926
324800.0,331633.6168822328,-6833.6168822327745,2.103946084431273
122700.0,163618.00176145768,-40918.00176145768,33.34800469556453
216700.0,225392.9853125159,-8692.985312515899,4.011529908867512
73600.0,212597.38084120722,-138997.38084120722,188.85513701250983
254100.0,221194.09074286203,32905.90925713797,12.94998396581581
187500.0,135403.51440563204,52096.48559436796,27.784792316996242
166000.0,206071.0199111875,-40071.0199111875,24.13916862119729
157900.0,159468.936743223,-1568.936743222992,0.9936268164806787
193800.0,181981.92400137903,11818.075998620974,6.098078430660977
140800.0,180899.7161025604,-40099.7161025604,28.479912004659376
95300.0,108004.17732893299,-12704.177328932987,13.330721226582357
227000.0,296675.8621295826,-69675.86212958262,30.694212391886616
265600.0,259964.95257096452,5635.047429035476,2.1216293031007063
90200.0,138476.25350748206,-48276.25350748206,53.52134535197568
183200.0,192736.80795410305,-9536.807954103046,5.205681197654501
184600.0,198509.32506585837,-13909.325065858371,7.534845647810602
162500.0,187795.1696036503,-25295.169603650313,15.566258217630963
125000.0,189455.96709991965,-64455.96709991965,51.564773679935726
97200.0,157466.8004385297,-60266.800438529695,62.00288110959845
355300.0,232996.54141388863,122303.45858611137,34.4225889631611
136200.0,196079.27340897464,-59879.27340897464,43.9642242356642
125000.0,194088.18451575152,-69088.18451575152,55.27054761260122
305600.0,302259.8467069857,3340.153293014271,1.0929820984994343
176600.0,154941.08379579912,21658.916204200883,12.264391961608654
348600.0,289027.1608916965,59572.83910830348,17.08916784518172
299200.0,261179.32235532388,38020.67764467612,12.707445736856993
72100.0,146570.9045110093,-74470.90451100931,103.28835577116409
109500.0,198234.91446697453,-88734.91446697453,81.03645156801326
281100.0,193776.5924898125,87323.4075101875,31.0648906119486
156300.0,215616.70314407363,-59316.70314407363,37.95054583753911
234200.0,250522.00907775844,-16322.009077758441,6.969260921331529
59700.0,102301.59689696168,-42601.59689696168,71.35945878888053
250000.0,317243.2846318471,-67243.28463184711,26.897313852738847
203300.0,215763.3468891589,-12463.346889158885,6.130519866777613
173100.0,204690.61709922607,-31590.617099226074,18.249923223123094
300300.0,283553.16648699355,16746.83351300645,5.576701136532285
238000.0,219834.59051186824,18165.409488131758,7.632524995013344
179000.0,129391.83695781215,49608.16304218785,27.714057565468075
166000.0,248706.97001381684,-82706.97001381684,49.823475911937855
160700.0,223247.52473766715,-62547.52473766715,38.921919562954045
147500.0,168057.73466349585,-20557.734663495852,13.937447229488715
192100.0,147044.8698185486,45055.130181451386,23.453998012207904
56400.0,45072.17313112508,11327.826868874923,20.0847994128988
304800.0,252818.44208740062,51981.55791259938,17.054316900459117
439800.0,331147.9784589489,108652.0215410511,24.704870746032537
137500.0,101564.86947894713,35935.130521052866,26.134640378947537
137500.0,165552.80420981353,-28052.804209813534,20.402039425318932
134600.0,165135.9124752853,-30535.912475285295,22.68641342888952
262500.0,230817.71621890052,31682.283781099482,12.069441440418851
83400.0,121693.40758685807,-38293.40758685807,45.91535681877466
113500.0,98510.44267143015,14989.557328569848,13.20665843926859
71400.0,129186.5299366042,-57786.5299366042,80.93351531737282
204500.0,221108.5218618106,-16608.521861810586,8.121526582792463
282400.0,326203.45660796855,-43803.45660796855,15.511139025484614
145700.0,199047.28351365187,-53347.28351365187,36.614470496672524
264700.0,296491.88262306666,-31791.88262306666,12.010533669462282
275000.0,172389.80613700213,102610.19386299787,37.31279776836286
171600.0,185257.50200378074,-13657.50200378074,7.958917251620479
216700.0,119348.62668413698,97351.37331586302,44.92449160861238
180700.0,207049.1853869699,-26349.18538696991,14.581729599872666
212500.0,72336.88530931657,140163.11469068343,65.95911279561574
167700.0,200567.1141810123,-32867.11418101229,19.59875622004311
42500.0,51696.21004806028,-9196.210048060282,21.638141289553605
238400.0,230737.03978802665,7662.960211973346,3.214328947975397
144000.0,61349.120924229006,82650.879075771,57.39644380261875
43600.0,47026.73562625426,-3426.73562625426,7.859485381317109
363500.0,263704.7966614562,99795.20333854383,27.45397615915924
186200.0,237590.8663712181,-51390.866371218086,27.59982082235128
67500.0,66452.7427756752,1047.2572243247996,1.5514921841848883
159600.0,262733.5313260236,-103133.53132602363,64.62000709650604
195600.0,173891.26602167095,21708.73397832905,11.098534753746959
154800.0,255318.12765626019,-100518.12765626019,64.93419099241613
450700.0,401575.34035345155,49124.65964654845,10.899636043165842
69900.0,72076.44852355181,-2176.4485235518077,3.1136602625919996
132200.0,185306.818029146,-53106.818029146,40.171571882863844
328000.0,368729.36404279433,-40729.36404279433,12.417489037437296
272800.0,266895.3816940072,5904.618305992801,2.164449525657185
66300.0,95441.0887619977,-29141.0887619977,43.95337671492866
129300.0,202485.10671263127,-73185.10671263127,56.60101060528328
77100.0,68132.74004252846,8967.259957471542,11.63068736377632
155500.0,190683.99196325068,-35183.99196325068,22.626361391157992
126000.0,152184.45688591915,-26184.45688591915,20.78131498882472
240300.0,180425.6233500045,59874.37664999551,24.91651129837516
133000.0,148216.06288282113,-15216.062882821134,11.440648784076041
94900.0,120707.3873938889,-25807.3873938889,27.19429651621591
203900.0,246504.01324040894,-42604.01324040894,20.894562648557596
61000.0,63885.74745630464,-2885.7474563046417,4.730733534925642
139200.0,123117.04125708733,16082.95874291267,11.553849671632666
229200.0,175885.97122051724,53314.02877948276,23.260920060856353
260600.0,368534.7558814857,-107934.7558814857,41.41778813564302
251100.0,204127.27693791254,46972.72306208746,18.706779395494806
327600.0,251023.4353828595,76576.56461714051,23.375019724401866
167900.0,233506.72305226902,-65606.72305226902,39.07487972142288
212000.0,237103.116131478,-25103.11613147799,11.841092514848107
233300.0,227737.76044781593,5562.239552184066,2.38415754487101
255400.0,271675.0509612762,-16275.050961276225,6.3723770404370494
67500.0,79959.99856095776,-12459.998560957756,18.459257127344824
162000.0,217959.31119235588,-55959.311192355875,34.54278468663943
117200.0,110407.62267376904,6792.377326230955,5.795543793712419
109700.0,133827.22276279502,-24127.22276279502,21.99382202624888
275000.0,108791.4157774627,166208.5842225373,60.43948517183174
111800.0,96129.20791432634,15670.79208567366,14.016808663393258
166000.0,232888.43035370918,-66888.43035370918,40.294235152836855
92700.0,96094.57399540007,-3394.5739954000746,3.66189212017268
186000.0,227070.94237324438,-41070.94237324438,22.08115181357225
97300.0,111133.33081660702,-13833.33081660702,14.217195083871554
241300.0,307031.8174081619,-65731.81740816188,27.240703443084076
258500.0,273633.40650736605,-15133.406507366046,5.854315863584544
138200.0,244629.3190862317,-106429.3190862317,77.01108472230948
196100.0,255790.63915536262,-59690.639155362616,30.438877692688738
419200.0,421230.2947080281,-2030.2947080280865,0.48432602767845573
138800.0,202921.9449324371,-64121.944932437094,46.19736666602096
376600.0,339217.9098546603,37382.090145339724,9.926205561694031
165100.0,227019.80471502795,-61919.804715027945,37.504424418551146
181800.0,211964.88684601945,-30164.88684601945,16.592347000010697
211800.0,210813.1248861753,986.8751138247026,0.46594670152252243
112500.0,204410.00349848773,-91910.00349848773,81.69778088754465
144300.0,205728.4817443303,-61428.48174433029,42.56998041880131
222000.0,261868.2192877798,-39868.21928777979,17.958657336837742
53600.0,37624.56448422451,15975.43551577549,29.804917007043823
130800.0,223454.01353856505,-92654.01353856505,70.83640178789376
227600.0,264399.56564152095,-36799.56564152095,16.16852620453469
275000.0,246150.56179521405,28849.438204785954,10.490704801740346
191900.0,196139.67258949444,-4239.672589494439,2.2093134911383214
64100.0,83326.90518172586,-19226.90518172586,29.995171890367956
68100.0,117126.8410050486,-49026.8410050486,71.99242438333128
255200.0,233222.91249492942,21977.08750507058,8.611711404808222
244100.0,292657.09759310493,-48557.09759310493,19.89229725239858
337000.0,240822.24808787712,96177.75191212288,28.539392258790176
208300.0,132342.9289509718,75957.07104902819,36.46522854009995
500001.0,418216.14399284276,81784.85600715724,16.356938487554473
172100.0,191989.1434638213,-19889.143463821296,11.556736469390643
128900.0,89244.07718275336,39655.92281724664,30.76487417940003
144900.0,121624.3911678449,23275.608832155107,16.063222106387236
72000.0,100605.90356910367,-28605.90356910367,39.7304216237551
142900.0,229018.92097306793,-86118.92097306793,60.265165131608065
436100.0,265875.7484460035,170224.25155399652,39.03330693739888
204200.0,194898.89081886233,9301.109181137668,4.554901655797095
195700.0,273700.8777265643,-78000.8777265643,39.85737236922039
90500.0,115485.46361080004,-24985.46361080004,27.608247083756954
236100.0,172610.5887882821,63489.4112117179,26.89089843783054
186900.0,203460.78569016024,-16560.785690160235,8.860773509984075
162500.0,186001.67710683373,-23501.677106833726,14.462570527282292
112500.0,145553.08245722007,-33053.082457220065,29.380517739751173
58000.0,89975.82831767481,-31975.82831767481,55.13073847874968
307400.0,335513.6495880409,-28113.64958804089,9.145624459349671
353800.0,273037.33438741334,80762.66561258666,22.82720904821556
290900.0,260548.3710022047,30351.628997795313,10.433698521070923
358600.0,289695.75295907364,68904.24704092636,19.214792816766973
246200.0,240780.60192465453,5419.398075345467,2.2012177397828867
72100.0,147620.64393354103,-75520.64393354103,104.74430503958534
107500.0,135397.2750720905,-27897.275072090502,25.950953555433028
78600.0,80739.17019726895,-2139.170197268948,2.721590581767109
187600.0,223105.16418600606,-35505.16418600606,18.925993702561865
97900.0,101092.6966237449,-3192.696623744894,3.261181433855868
186600.0,229382.0732254419,-42782.07322544191,22.927156069368657
196900.0,213656.23008633876,-16756.230086338765,8.510020358729692
111500.0,123115.65213559862,-11615.652135598619,10.417625233720734
156300.0,208005.446451183,-51705.446451183,33.080899840808065
218200.0,282766.92077995435,-64566.92077995435,29.59070613196808
293500.0,430135.7109781181,-136635.71097811812,46.553904932919295
59000.0,113349.90424344453,-54349.90424344453,92.11848176855005
162800.0,156415.82457080105,6384.175429198949,3.921483678869133
102900.0,125715.2516902771,-22815.251690277102,22.172256258772695
54300.0,93150.47981119953,-38850.47981119953,71.54784495616857
166300.0,131250.23192755177,35049.768072448234,21.076228546270737
152500.0,171352.3092288845,-18852.309228884493,12.362169986153766
142600.0,139385.05938062654,3214.9406193734612,2.254516563375499
150000.0,166517.4638263619,-16517.463826361898,11.011642550907933
84400.0,95886.69479515056,-11486.694795150557,13.609827956339524
210000.0,162958.13680333813,47041.86319666187,22.400887236505653
137500.0,165588.19936287607,-28088.19936287607,20.427781354818958
350000.0,240110.29426806507,109889.70573193493,31.397058780552833
171900.0,139658.126786805,32241.87321319501,18.756179879694596
143100.0,161900.56941352302,-18800.569413523015,13.138063880868634
452300.0,325440.4131216773,126859.5868783227,28.047664576237608
176000.0,159481.6223784999,16518.377621500113,9.385441830397792
112700.0,133451.5950610357,-20751.59506103571,18.413127827005955
68400.0,98045.74901810422,-29645.749018104223,43.34173833056173
190700.0,192241.99113648353,-1541.991136483528,0.8085952472383471
331800.0,406686.8265714218,-74886.82657142181,22.569869370530988
184000.0,175098.08816120945,8901.911838790547,4.83799556456008
162500.0,134069.59196343168,28430.40803656832,17.49563571481127
129400.0,217613.18448636754,-88213.18448636754,68.1709308240862
172800.0,201195.80338843964,-28395.803388439643,16.4327565905322
191100.0,219443.42325017517,-28343.42325017517,14.831723312493548
294900.0,314173.4804034516,-19273.4804034516,6.535598644778433
188600.0,211990.38966609794,-23390.389666097937,12.402115411504738
63800.0,79008.69594351962,-15208.695943519619,23.83808141617495
466100.0,425727.2186524308,40372.781347569195,8.661828223035656
186800.0,223198.16614241098,-36398.16614241098,19.485099647971616
139300.0,210660.08065875646,-71360.08065875646,51.22762430635783
330300.0,243232.18833333318,87067.81166666682,26.360221515793768
284800.0,265484.3829421358,19315.617057864205,6.782168910766925
198800.0,222186.91344658282,-23386.913446582825,11.764040969106048
69300.0,74391.62137440112,-5091.621374401118,7.347216990477805
145500.0,205227.9726458817,-59727.9726458817,41.05015302122454
166200.0,212090.74244686705,-45890.74244686705,27.61175839161676
273800.0,240509.83747512667,33290.16252487333,12.158569220187484
149000.0,134305.32596374446,14694.674036255543,9.862197339768821
215400.0,254015.1481630362,-38615.14816303621,17.927181134185798
287800.0,316936.130713867,-29136.130713867024,10.123742430113628
406300.0,294585.8307240642,111714.1692759358,27.495488377045486
160300.0,113748.83482203649,46551.165177963514,29.040028183383352
240000.0,280999.0313254829,-40999.03132548288,17.0829297189512
60900.0,118050.44056650776,-57150.440566507765,93.84308795814083
142300.0,166510.64431118852,-24210.644311188516,17.01380485677338
84800.0,102152.99440112275,-17352.99440112275,20.463436793776825
205400.0,207659.56975542783,-2259.5697554278304,1.1000826462647666
396800.0,264311.6816542209,132488.3183457791,33.38919313149675
135400.0,203612.68729415303,-68212.68729415303,50.37864645063001
115400.0,156646.84156160243,-41246.84156160243,35.74249702045271
162500.0,176026.48357701214,-13526.483577012143,8.323989893545933
425000.0,218438.81817728485,206561.18182271515,48.60263101710945
114300.0,153942.46064583698,-39642.46064583698,34.68281771289325
500001.0,503955.20986431395,-3954.209864313947,0.790840391182007
500001.0,407522.196982724,92478.80301727599,18.495723612007975
48700.0,48741.07647983896,-41.07647983895731,0.08434595449477889
294700.0,263337.4439185595,31362.556081440474,10.64219751660688
300500.0,175595.36555340257,124904.63444659743,41.56560214529033
343200.0,236932.25936092433,106267.74063907567,30.963793892504565
92000.0,168706.81854604426,-76706.81854604426,83.3769766804829
278100.0,280227.4834217173,-2127.4834217173047,0.765006624134234
380900.0,365127.9359540356,15772.064045964391,4.140736163288105
339800.0,233870.9140147715,105929.0859852285,31.173951143386848
96800.0,141249.16054346683,-44449.16054346683,45.918554280440944
270000.0,206846.2841370191,63153.7158629809,23.390265134437367
190000.0,262960.7488873377,-72960.74888733769,38.40039415123036
181300.0,183570.35866837323,-2270.3586683732283,1.252266226350374
100600.0,204555.06697514787,-103955.06697514787,103.33505663533586
170800.0,67179.34171424434,103620.65828575566,60.66783271999746
152700.0,203058.5021300905,-50358.50213009049,32.978717832410275
353600.0,240941.856631009,112658.143368991,31.860334663176186
200000.0,195835.57048544867,4164.4295145513315,2.0822147572756657
213400.0,255892.68998200755,-42492.68998200755,19.91222585848526
153100.0,202326.12894017727,-49226.12894017727,32.152925499789205
379700.0,234146.3663083898,145553.6336916102,38.333851380460935
275000.0,246387.55361515644,28612.446384843555,10.404525958124928
78600.0,177167.63779572872,-98567.63779572872,125.40411933298819
188300.0,291104.5519285271,-102804.55192852707,54.596150785197594
138000.0,148050.43900865637,-10050.439008656365,7.282926817866932
500001.0,429478.4991822352,70522.50081776478,14.104471954609046
197400.0,191762.52483929935,5637.475160700647,2.8558638098787474
244600.0,265496.1177737847,-20896.117773784674,8.542975377671576
165300.0,232313.22011282636,-67013.22011282636,40.540363044662044
300400.0,242591.7886706458,57808.211329354206,19.24374544918582
88200.0,128997.25132105533,-40797.25132105533,46.255386985323504
500001.0,525670.9904949381,-25669.9904949381,5.133987831011958
163100.0,212080.4563435277,-48980.45634352771,30.030935832941573
191900.0,212379.19346423508,-20479.193464235083,10.671804827636834
355300.0,313146.5614131003,42153.43858689972,11.86418198336609
430300.0,316587.23978404567,113712.76021595433,26.426390940263616
42700.0,21478.479835128383,21221.520164871617,49.699110456373816
378100.0,333616.8780212131,44483.12197878689,11.764909277647947
264000.0,242154.43567535252,21845.56432464748,8.274834971457379
111900.0,232562.61607795596,-120662.61607795596,107.83075610183732
224500.0,198570.60102716973,25929.39897283027,11.549843640458917
125000.0,199060.20562324466,-74060.20562324466,59.248164498595735
64100.0,82366.24126087155,-18266.241260871553,28.496476226008667
88400.0,94295.19222304321,-5895.19222304321,6.668769483080554
389200.0,254490.19213251976,134709.80786748024,34.61197529996923
193800.0,33120.60366726495,160679.39633273505,82.90990522844946
500001.0,294088.08197512943,205912.91802487057,41.182501239971636
187500.0,425092.47518898523,-237592.47518898523,126.71598676745879
210300.0,248172.09490466255,-37872.09490466255,18.00860432936878
212800.0,249264.08722035098,-36464.08722035098,17.1353793328717
177500.0,267407.20860658353,-89907.20860658353,50.65194851075129
181300.0,75222.28102612251,106077.71897387749,58.50949750351765
159500.0,225966.66134034682,-66466.66134034682,41.67188798767826
177500.0,192757.8294279701,-15257.829427970108,8.59596024110992
116100.0,88621.31319043548,27478.68680956452,23.668119560348423
500001.0,309927.0037577607,190073.99624223931,38.014723219001425
162500.0,160671.70862846717,1828.2913715328323,1.1251023824817428
135500.0,177129.83141952078,-41629.83141952078,30.723122818834526
99600.0,194865.0637710462,-95265.0637710462,95.6476543886006
118500.0,162520.36762808874,-44020.367628088745,37.147989559568565
156900.0,175368.8018126936,-18468.801812693593,11.771065527529377
147200.0,174081.4313803925,-26881.43138039249,18.261841970375333
85800.0,108595.11115142703,-22795.11115142703,26.567728614716817
500001.0,318637.64703886735,181363.35296113265,36.272598047030435
170900.0,164835.35604059487,6064.6439594051335,3.548650649154554
257900.0,320454.99852542364,-62554.99852542364,24.25552482567803
164300.0,199111.41608711437,-34811.41608711437,21.18771520822542
438900.0,255278.6606315058,183621.3393684942,41.83671436967286
98000.0,159117.22358790683,-61117.22358790683,62.36451386521106
288700.0,277495.2804355091,11204.719564490893,3.8810944109771017
203200.0,239409.8148777775,-36209.814877777506,17.819790786307827
283600.0,258708.3060007781,24891.693999221898,8.777043018061317
162500.0,410110.59079878975,-247610.59079878975,152.3757481838706
95300.0,153659.91142588205,-58359.91142588205,61.23810223072618
161700.0,225860.57002191833,-64160.570021918335,39.67876933946712
187500.0,166682.93586032648,20817.064139673515,11.102434207825874
158000.0,177514.1639927093,-19514.163992709306,12.350736704246396
456100.0,270618.25816010736,185481.74183989264,40.666902398573264
102900.0,133244.4774887999,-30344.477488799894,29.489288132944502
165400.0,215889.45116106098,-50489.45116106098,30.525665756385113
54400.0,51774.905498808046,2625.094501191954,4.825541362485209
147200.0,159901.32643740304,-12701.32643740304,8.628618503670543
95000.0,137739.2866429905,-42739.28664299051,44.98872278209527
143000.0,221438.04268610428,-78438.04268610428,54.851778102170826
97200.0,109605.27929416441,-12405.279294164415,12.76263301868767
112900.0,110221.33505029858,2678.664949701415,2.372599601152715
173300.0,228450.1555482465,-55150.15554824649,31.82351733886122
393100.0,299519.52422473754,93580.47577526246,23.805768449570706
63000.0,57098.97837784552,5901.021622154483,9.366700987546798
297300.0,263981.64402332297,33318.355976677034,11.206981492323253
242100.0,199550.16659836628,42549.83340163372,17.5753132596587
293900.0,324188.9500303235,-30288.950030323525,10.305869353631685
113100.0,169807.02287113242,-56707.022871132416,50.1388354298253
137200.0,133249.62646193226,3950.373538067739,2.8792810044225505
297100.0,157571.67256771124,139528.32743228876,46.96342222561049
243500.0,255963.21419004607,-12463.21419004607,5.118363117062041
98800.0,44343.703870292375,54456.296129707625,55.117708633307316
244800.0,256301.67427553702,-11501.674275537021,4.6983963543860385
327800.0,282200.46081266215,45599.539187337854,13.910780716088425
437500.0,285041.0403429675,152458.9596570325,34.847762207321715
163500.0,182828.43725766137,-19328.437257661368,11.821674163707259
102400.0,205064.67469686025,-102664.67469686025,100.25847138365258
112200.0,141600.6169557263,-29400.61695572629,26.20375842756354
165900.0,211333.04812076516,-45433.04812076516,27.38580356887593
250000.0,254656.6592533587,-4656.659253358695,1.8626637013434784
158100.0,145565.67687368527,12534.323126314732,7.928098119111153
87500.0,101220.5518711646,-13720.5518711646,15.680630709902399
135000.0,229936.15527172032,-94936.15527172032,70.32307797905209
79500.0,94206.20202695491,-14706.20202695491,18.498367329503033
162100.0,109070.6108529217,53029.3891470783,32.71399700621733
228400.0,180908.98106019013,47491.018939809874,20.792915472771398
140600.0,128676.71820917043,11923.28179082957,8.480285768726578
71300.0,72278.47454590982,-978.4745459098194,1.3723345664934354
266300.0,279862.5714511067,-13562.57145110669,5.092967123960455
81300.0,54273.74015701102,27026.259842988977,33.24263203319677
185000.0,260743.91030505972,-75743.91030505972,40.9426542189512
329300.0,358866.5262796676,-29566.526279667625,8.978598930964964
168800.0,172149.75330801983,-3349.7533080198336,1.9844510118600909
110400.0,207777.97527618046,-97377.97527618046,88.20468775016346
500001.0,253159.1328289306,246841.8671710694,49.36827469766448
85700.0,133251.36906642013,-47551.36906642013,55.48584488497098
63300.0,35022.123026398156,28277.876973601844,44.67279142749106
500001.0,456750.0076046026,43250.99239539739,8.650181178717121
183800.0,182234.816039755,1565.1839602449909,0.8515690752149024
150700.0,148052.67376702087,2647.3262329791323,1.7566862859848258
242900.0,274176.7471002463,-31276.747100246313,12.876388266877855
326700.0,281094.1386355231,45605.86136447691,13.959553524480228
220400.0,232469.2746306958,-12069.274630695814,5.476077418646014
240700.0,229745.467986815,10954.532013185002,4.551114255581638
500001.0,550343.4723885709,-50342.472388570895,10.068474340765498
98400.0,171866.2525062795,-73466.2525062795,74.66082571776373
166900.0,148074.02197841828,18825.978021581715,11.279795099809297
205400.0,259143.06931293683,-53743.06931293683,26.165077562286676
90100.0,112615.5137151222,-22515.5137151222,24.98947138193363
189800.0,153647.5645924768,36152.43540752321,19.04764773842108
162500.0,-35973.61789669868,198473.61789669868,122.13761101335304
333700.0,223572.78226641097,110127.21773358903,33.001863270479184
85100.0,190789.2818593926,-105689.28185939259,124.19422075134266
134400.0,139797.830950425,-5397.830950425006,4.016243266685272
144600.0,182619.3825484442,-38019.382548444206,26.292795676655743
215000.0,202815.29491488935,12184.705085110647,5.667304690749138
97500.0,170524.35881485476,-73024.35881485476,74.8967782716459
210000.0,245649.62530237797,-35649.62530237797,16.976012048751414
312000.0,305203.1380589314,6796.861941068608,2.178481391368144
300000.0,207529.4053307292,92470.5946692708,30.8235315564236
202400.0,228971.8863389293,-26571.886338929296,13.12840234136823
254100.0,303988.88495349523,-49888.88495349523,19.633563539352707
116000.0,133746.9763154585,-17746.97631545851,15.299117513326301
167000.0,108632.34943060044,58367.65056939956,34.95068896371231
396900.0,319428.6916413241,77471.30835867592,19.519100115564605
227000.0,191131.9881452715,35868.01185472851,15.800886279616083
500001.0,363707.1733078596,136293.82669214043,27.258710821006442
500001.0,499790.0391169895,210.96088301052805,0.042192092217921175
199000.0,128181.7197091216,70818.2802908784,35.58707552305447
369100.0,334290.4844496985,34809.51555030153,9.43091724473084
22500.0,190735.2556218226,-168235.2556218226,747.7122472081005
95700.0,65486.660554256756,30213.339445743244,31.57088761310684
365900.0,408624.87198140513,-42724.87198140513,11.67665263225065
215800.0,232923.35580282935,-17123.35580282935,7.934826600013601
205500.0,174213.0641216254,31286.935878374614,15.22478631551076
500001.0,354320.8157933821,145680.18420661788,29.13597856936644
250800.0,208795.67729906176,42004.32270093824,16.748135048220988
363600.0,356882.8011082002,6717.1988917997805,1.8474144366886085
294200.0,299708.97581188777,-5508.975811887765,1.8725274683507018
171400.0,135360.6881534407,36039.311846559314,21.02643631654569
261300.0,254914.58773800853,6385.412261991471,2.443709246839445
114900.0,106082.93456831158,8817.065431688417,7.673686189459023
258400.0,218661.4094713041,39738.5905286959,15.378711504913275
106300.0,73639.27954194549,32660.720458054508,30.725042763927103
98900.0,146933.9744571043,-48033.97445710431,48.56822493134915
242000.0,241126.26645255467,873.7335474453284,0.3610469204319539
146100.0,159743.18945330434,-13643.189453304338,9.338254245930417
154600.0,226433.7998220939,-71833.79982209389,46.464294839646755
197500.0,151237.6789241558,46262.3210758442,23.42396003840213
289600.0,317465.0137282965,-27865.0137282965,9.621897005627245
325700.0,263863.83511366585,61836.164886334154,18.985620167741526
53300.0,68403.96364591326,-15103.96364591326,28.33764286287666
87800.0,112557.60629866931,-24757.606298669314,28.197729269555026
178300.0,137217.47940508393,41082.52059491607,23.04123420915091
197100.0,269618.4970016686,-72518.49700166861,36.79274327837068
123400.0,164128.43973095913,-40728.43973095913,33.0052185826249
292900.0,300708.99632792705,-7808.996327927045,2.666096390552081
109800.0,171537.7957708242,-61737.79577082419,56.227500702025665
124200.0,220564.453495295,-96364.45349529499,77.58812680780595
57300.0,71630.61898625255,-14330.61898625255,25.009806258730453
404700.0,310103.9138356505,94596.08616434952,23.374372662305294
187500.0,215568.98345602033,-28068.98345602033,14.970124509877511
63700.0,71440.26671853178,-7740.266718531784,12.151125146831685
101200.0,150358.23077305738,-49158.23077305738,48.57532685084722
500000.0,332492.3375130653,167507.66248693469,33.50153249738694
45500.0,55836.728847948165,-10336.728847948165,22.718085380105858
463500.0,349572.5009954277,113927.49900457228,24.579827185452487
181300.0,270469.3151253193,-89169.31512531929,49.18329571170397
307400.0,163741.74624115918,143658.25375884082,46.73332913430085
371800.0,389214.7615724972,-17414.7615724972,4.683905748385476
56000.0,54513.26038215778,1486.7396178422205,2.654892174718251
289300.0,226478.4433718439,62821.556628156104,21.71502130250816
128200.0,129721.6562663184,-1521.6562663184013,1.1869393653029652
271400.0,245145.24696261948,26254.75303738052,9.673822047671525
182100.0,251695.48968849465,-69595.48968849465,38.2182809931327
219400.0,252055.79332501773,-32655.79332501773,14.884135517328046
78400.0,130306.67802020039,-51906.67802020039,66.2074974747454
96100.0,95145.46141597029,954.5385840297095,0.993276362153704
394700.0,360174.67305352597,34525.32694647403,8.747232568146448
222500.0,263499.4160527988,-40999.4160527988,18.426703843954517
87500.0,146022.0972087852,-58522.09720878521,66.88239681004025
137500.0,223762.00754392415,-86262.00754392415,62.736005486490285
246100.0,227518.99879464408,18581.00120535592,7.550183342281966
175700.0,200851.42433854265,-25151.424338542653,14.314982548971344
164100.0,112963.56668228752,51136.43331771248,31.161750955339716
132800.0,108490.65957123262,24309.340428767377,18.30522622648146
129200.0,79605.56308327502,49594.43691672498,38.38578708724844
224100.0,200364.67314070291,23735.326859297085,10.591399758722483
103900.0,108528.4822138601,-4628.482213860101,4.454747077824929
112800.0,117011.5785805493,-4211.578580549307,3.7336689543876833
243800.0,243674.2082486775,125.79175132251112,0.05159628848339259
88600.0,102648.8896866357,-14048.889686635695,15.856534635029002
186100.0,312290.07632246905,-126190.07632246905,67.80767131782324
186100.0,115310.87791820717,70789.12208179283,38.038217131538325
160900.0,178729.4395974469,-17829.439597446908,11.081068736760043
149200.0,155012.55832498247,-5812.55832498247,3.8958165717040685
76400.0,51819.58393403789,24580.416065962112,32.17331945806559
500001.0,321799.1835243936,178201.8164756064,35.64029201453725
95600.0,111201.46000396836,-15601.460003968357,16.319518832602885
237500.0,228065.42873991167,9434.571260088327,3.9724510568792955
418300.0,398538.95318656485,19761.046813435154,4.724132635294084
197500.0,242005.23442231648,-44505.234422316484,22.534295910033663
66400.0,70116.71426858116,-3716.714268581156,5.597461247863186
269000.0,333778.25818276446,-64778.25818276446,24.081136870916158
219000.0,242051.10519853915,-23051.105198539153,10.525618812118335
156900.0,161374.11877042474,-4474.118770424742,2.8515734674472544
134200.0,226337.73097988768,-92137.73097988768,68.65702755580304
204200.0,228478.93523760335,-24278.93523760335,11.889782192753843
218800.0,269702.8115778459,-50902.81157784589,23.26453911236101
181800.0,262336.2880717216,-80536.28807172162,44.29938837828472
168500.0,214095.44449944692,-45595.44449944692,27.05961097890025
299200.0,256253.8991964228,42946.100803577196,14.353643316703607
166000.0,154115.90753468592,11884.092465314083,7.159091846574748
193500.0,207154.92561838764,-13654.925618387642,7.056809105109893
212500.0,195721.40935101817,16778.59064898183,7.8958073642267435
386200.0,251193.94036584487,135006.05963415513,34.95755039724369
268400.0,224885.02787681064,43514.97212318936,16.212731789563847
128100.0,202319.29028333473,-74219.29028333473,57.9385560369514
271200.0,271599.11905041675,-399.1190504167462,0.14716779145160255
88400.0,147281.67913678946,-58881.67913678946,66.60823431763514
101500.0,91010.5721976016,10489.427802398393,10.334411627978712
495500.0,292736.93569617724,202763.06430382276,40.920900969489956
167300.0,144977.0926324654,22322.907367534586,13.343040865232867
141300.0,226395.86564319898,-85095.86564319898,60.223542564188946
500001.0,504905.8342281346,-4904.834228134598,0.9809648836971521
321300.0,301890.7117392744,19409.288260725618,6.040861581302713
82100.0,74173.27510809299,7926.724891907012,9.654963327535945
92900.0,132753.26455246046,-39853.26455246046,42.899100702325576
168000.0,196877.74500845306,-28877.745008453057,17.18913393360301
135000.0,140340.87270453922,-5340.872704539215,3.9562020033623817
243100.0,219896.57076497268,23203.429235027317,9.544808406016996
157100.0,198843.1340567023,-41743.134056702314,26.571059234056214
97900.0,85007.44379318754,12892.556206812456,13.169107463546942
177700.0,209296.9854136314,-31596.985413631395,17.781083519207314
131800.0,121855.73673744354,9944.263262556458,7.544964539117191
268800.0,286300.9742753297,-17500.974275329674,6.510779120286338
314300.0,152252.4081302781,162047.5918697219,51.55825385609987
183600.0,236456.1471906405,-52856.147190640506,28.788751193159317
100000.0,77145.62803864351,22854.37196135649,22.85437196135649
232200.0,251705.41820423436,-19505.41820423436,8.400266237827028
138100.0,150192.0626081583,-12092.062608158303,8.756019267312313
162500.0,176489.69907108086,-13989.69907108086,8.609045582203606
457300.0,288589.6840157021,168710.3159842979,36.89269975602404
139200.0,133601.87186575308,5598.128134246916,4.021643774602669
244500.0,237688.9065960596,6811.093403940409,2.7857232735952593
61600.0,61016.18723317099,583.8127668290108,0.9477479980990435
237000.0,206589.2707150175,30410.729284982488,12.831531343874467
112500.0,70221.88252584866,42278.11747415134,37.5805488659123
122300.0,128361.15775009422,-6061.157750094222,4.955975265817026
500001.0,218615.6650254535,281385.3349745465,56.27695444100041
110100.0,185033.98087751304,-74933.98087751304,68.05992813579749
300900.0,290224.536369938,10675.463630062004,3.547844343656366
167500.0,105272.23433336815,62227.76566663185,37.15090487560111
246400.0,239954.91142195847,6445.0885780415265,2.615701533296074
279300.0,355249.79040594155,-75949.79040594155,27.192907413512906
414000.0,275968.3302321154,138031.6697678846,33.34098303572092
58700.0,73791.4325468468,-15091.432546846801,25.709425122396595
294900.0,342665.6754395262,-47765.67543952621,16.19724497779797
365200.0,277365.23447351577,87834.76552648423,24.05114061513807
368300.0,332755.5068896632,35544.49311033683,9.650962017468594
239200.0,165012.25866955935,74187.74133044065,31.014942027776193
121400.0,223846.89548952202,-102446.89548952202,84.38788755314829
215000.0,251700.70318250317,-36700.70318250317,17.070094503489848
113900.0,165063.76913141774,-51163.769131417735,44.91990266147299
236400.0,231664.89086913527,4735.10913086473,2.003007246558685
171700.0,228445.67169965556,-56745.67169965556,33.0493137447033
248500.0,259211.62581125722,-10711.625811257225,4.310513404932484
58200.0,83772.34363428029,-25572.34363428029,43.93873476680462
67800.0,6169.138636544172,61630.86136345583,90.90097546232423
75700.0,78441.5185043586,-2741.5185043585952,3.6215568089281307
178000.0,221172.7454494559,-43172.74544945589,24.254351376098814
60400.0,32270.34242041767,28129.65757958233,46.5722807608979
226100.0,287650.6427466638,-61550.64274666383,27.22275220993535
179500.0,231469.93041989458,-51969.930419894576,28.952607476264387
158200.0,244766.33784064444,-86566.33784064444,54.71955615717094
278600.0,305814.5692655779,-27214.569265577884,9.768330676804696
480800.0,345146.02291246434,135653.97708753566,28.21422152402988
192300.0,153012.62371279285,39287.37628720715,20.4302528794629
141700.0,131260.6559878324,10439.344012167596,7.367215252058995
330800.0,299585.2800060842,31214.719993915816,9.43613059066379
100000.0,169190.93801133812,-69190.93801133812,69.19093801133812
103200.0,138590.658294291,-35390.658294291,34.293273540979655
53500.0,71393.21209797324,-17893.212097973243,33.44525625789391
185700.0,183462.11458424563,2237.8854157543683,1.205107924477312
192900.0,161530.82663003268,31369.17336996732,16.261883551045784
256000.0,303674.6140226766,-47674.6140226766,18.622896102608046
138500.0,92470.570823369,46029.429176631005,33.23424489287437
69600.0,124801.31734719513,-55201.31734719513,79.31223756780909
246800.0,253604.07628314305,-6804.0762831430475,2.7569190774485604
265900.0,245497.4703481121,20402.52965188789,7.673008518949939
162500.0,115091.39093104981,47408.60906895019,29.1745286578155
322700.0,276776.71577600035,45923.28422399965,14.23095265695682
148900.0,220800.6658607281,-71900.6658607281,48.28788842224856
429000.0,313029.4967800239,115970.50321997609,27.03275133332776
500001.0,394899.05605448625,105101.94394551375,21.020346748409253
254100.0,227765.93795813614,26334.062041863857,10.363660779954293
328100.0,237239.34225195952,90860.65774804048,27.692977064322
169100.0,213403.35708588292,-44303.35708588292,26.199501529203385
255400.0,269881.63783456356,-14481.63783456356,5.670179261771167
76400.0,124503.38638903866,-48103.38638903866,62.96254762963175
151400.0,266315.0365597751,-114915.03655977512,75.90160935255953
311100.0,295506.42645859433,15593.573541405669,5.0123990811332915
187500.0,183199.93191898984,4300.068081010162,2.29336964320542
213200.0,213264.00161600535,-64.0016160053492,0.03001951970232139
208300.0,164439.44380983617,43860.55619016383,21.056436001038804
202800.0,289336.66139899334,-86536.66139899334,42.670937573468116
90100.0,169578.8629359139,-79478.8629359139,88.21183455706316
92400.0,124446.8703006635,-32046.870300663504,34.68276006565315
136500.0,27458.12887867997,109041.87112132003,79.88415466763372
92200.0,80111.96973687483,12088.030263125169,13.110661890591288
79400.0,74237.98359283962,5162.0164071603795,6.501280109773777
95500.0,144285.5755144218,-48785.5755144218,51.08437226641026
249200.0,238184.6944798083,11015.305520191701,4.420267062677248
111700.0,155115.91845430774,-43415.91845430774,38.86832448908482
190600.0,146456.5402670998,44143.4597329002,23.160262189349528
191800.0,226325.46697625774,-34525.46697625774,18.000764846849705
500001.0,345767.84970445395,154233.15029554605,30.846568365972477
50800.0,138488.2517164148,-87688.25171641479,172.61466873309996
163500.0,89874.86447863927,73625.13552136073,45.03066392743776
368900.0,284245.66192408843,84654.33807591157,22.94777394305003
57000.0,73789.33011393415,-16789.33011393415,29.454965112165176
75000.0,104940.36382218216,-29940.36382218216,39.92048509624288
229000.0,253387.3323316804,-24387.3323316804,10.64949010117048
340900.0,311726.9471366574,29173.05286334257,8.557657044101664
276600.0,278020.62565090857,-1420.6256509085651,0.5136029106683171
188400.0,185471.10566438452,2928.8943356154778,1.5546148278213787
73900.0,31036.85268757271,42863.14731242729,58.001552520199304
150000.0,216921.86312114965,-66921.86312114965,44.614575414099775
147100.0,204682.68600494592,-57582.68600494592,39.14526580893673
186300.0,168722.61133591115,17577.388664088852,9.434991231394982
234900.0,264097.9943262589,-29197.994326258893,12.429967784699402
122500.0,173291.14931396418,-50791.14931396418,41.46216270527688
398900.0,286039.9997205159,112860.00027948408,28.292805284403126
250000.0,338088.3763579412,-88088.37635794119,35.23535054317647
113600.0,139660.94495790344,-26060.94495790344,22.940972674210773
244800.0,261838.77531635758,-17038.775316357584,6.960284034459797
225000.0,162224.28487501087,62775.71512498913,27.900317833328504
186900.0,296078.6383653144,-109178.6383653144,58.41553684607512
309700.0,319448.75571174367,-9748.755711743666,3.1478061710505862
130600.0,138355.46669577697,-7755.466695776966,5.938335907945609
342300.0,281979.89233580127,60320.10766419873,17.622000486181342
65000.0,80629.8333114624,-15629.833311462397,24.045897402249842
278900.0,211158.22152987338,67741.77847012662,24.288913040561713
168800.0,155517.21943746688,13282.780562533124,7.868945830884552
418400.0,293092.7983822496,125307.2016177504,29.949139966001532
109000.0,133898.92168528476,-24898.92168528476,22.843047417692443
160100.0,161215.90202263708,-1115.9020226370776,0.6970031371874313
345000.0,300594.6907861754,44405.30921382463,12.871104119949168
418800.0,283783.8676113549,135016.13238864508,32.23880907083216
209100.0,209219.19173935335,-119.1917393533513,0.05700226654870937
97500.0,107854.55233366092,-10354.552333660919,10.62005367554966
500001.0,464065.98109154566,35935.01890845434,7.186989407712052
108600.0,69014.43811268653,39585.561887313466,36.45079363472695
133300.0,187417.3096826415,-54117.3096826415,40.598131794929856
50900.0,91867.67738418664,-40967.67738418664,80.4865960396594
311600.0,278225.9882706288,33374.01172937121,10.710530080029272
365500.0,315501.92617556226,49998.07382443774,13.679363563457658
175000.0,86288.88324508694,88711.11675491306,50.69206671709318
170300.0,139476.5151730458,30823.484826954198,18.099521331153376
279500.0,259753.95725349901,19746.042746500985,7.064773791234699
125900.0,198481.64656648182,-72581.64656648182,57.650235557173815
155700.0,176255.55169396917,-20555.551693969173,13.202024209357207
83300.0,142212.00962140216,-58912.00962140216,70.72270062593297
156300.0,283823.62087800633,-127523.62087800633,81.58900887908274
214800.0,231379.0332771794,-16579.033277179406,7.718358136489481
110300.0,106966.24037801664,3333.759621983365,3.0224475267301583
165000.0,167217.6109229694,-2217.610922969412,1.3440066199814618
349500.0,270088.1643827806,79411.83561721939,22.721555255284517
500001.0,713482.6503043063,-213481.6503043063,42.696244668371925
125700.0,112119.85953823829,13580.140461761708,10.803612141417428
193100.0,190927.4150379169,2172.584962083114,1.1251087323061182
500001.0,562382.2777323495,-62381.27773234947,12.476230594008705
199600.0,253583.34235360936,-53983.34235360936,27.045762702209096
500001.0,274953.9323987126,225047.0676012874,45.009323501610474
163400.0,242679.3306266078,-79279.33062660781,48.51856219498642
137500.0,112366.10483006567,25133.89516993433,18.27919648722497
121500.0,137871.85828131385,-16371.85828131385,13.474780478447613
381200.0,275252.8683605601,105947.1316394399,27.793056568583395
111900.0,228601.99032884432,-116701.99032884432,104.29132290334613
58000.0,62754.05157089632,-4754.051570896321,8.196640639476415
63800.0,90120.01667778059,-26320.016677780586,41.25394463601973
363200.0,271890.97533603024,91309.02466396976,25.140149962546737
206400.0,195707.50143633957,10692.498563660425,5.180474110300594
370800.0,237988.7023829778,132811.2976170222,35.81750205421311
81800.0,67358.43445988439,14441.565540115611,17.65472559916334
271500.0,240336.37387294846,31163.62612705154,11.478315332247343
197000.0,254315.95612084604,-57315.956120846036,29.09439396997261
73400.0,108185.52593137966,-34785.525931379656,47.391724702152125
301700.0,214615.07261578855,87084.92738421145,28.864742255290505
119600.0,170481.09261444752,-50881.09261444752,42.54271957729726
258100.0,254365.78158896836,3734.218411031645,1.4468106978038142
17500.0,203614.16707438536,-186114.16707438536,1063.5095261393449
145700.0,217019.39574443467,-71319.39574443467,48.94948232287898
102000.0,174454.05564873744,-72454.05564873744,71.03338789091906
400000.0,302488.29601395514,97511.70398604486,24.377925996511216
99200.0,129138.79380125807,-29938.79380125807,30.180235686752088
485400.0,308023.67114368,177376.32885632,36.542300959274826
477100.0,452043.0999113698,25056.90008863021,5.251917855508323
66900.0,83571.07235946374,-16671.07235946374,24.919390671844152
375400.0,427034.4721746253,-51634.47217462532,13.754521090736633
169600.0,256720.22738458737,-87120.22738458737,51.368058599402936
247600.0,261125.50952148665,-13525.509521486645,5.462645202539033
164700.0,149206.7762449268,15493.22375507321,9.40693609901227
309400.0,249561.2174657627,59838.78253423731,19.340265848169782
185300.0,239631.52387768537,-54331.523877685366,29.32084397068827
230200.0,276199.0590376685,-45999.059037668514,19.982215046771724
156100.0,161410.58688274916,-5310.586882749165,3.4020415648617326
302500.0,324586.272181963,-22086.272181963024,7.301247002301826
97800.0,113523.51789234976,-15723.517892349759,16.077216658844335
251300.0,235085.54217966177,16214.457820338226,6.452231524209402
281300.0,237758.3514060363,43541.648593963706,15.478723282603521
153100.0,159723.04003075542,-6623.040030755423,4.3259569110094205
355600.0,291443.05034626543,64156.94965373457,18.041886854256063
101300.0,109162.57853023603,-7862.578530236031,7.761676732710791
266000.0,247391.82906555064,18608.170934449357,6.995552982875698
160700.0,146731.53974407946,13968.460255920538,8.692259026708486
305800.0,214305.18292369045,91494.81707630955,29.919822457916794
147500.0,122975.72893375695,24524.271066243047,16.6266244516902
186300.0,207616.43760902665,-21316.437609026645,11.441995495988538
162600.0,163523.81678834063,-923.8167883406277,0.5681530063595496
484700.0,290737.9190188648,193962.0809811352,40.016934388515615
175000.0,221583.5337137894,-46583.533713789395,26.619162122165367
127200.0,106277.58810417034,20922.41189582966,16.448437025023317
365100.0,286731.4045525715,78368.59544742852,21.464967254842104
236500.0,155699.7280464102,80800.2719535898,34.165019853526346
214000.0,258827.0019275039,-44827.00192750391,20.947197162385002
225800.0,286552.8685426107,-60752.868542610726,26.905610514885176
128900.0,217483.57469814306,-88583.57469814306,68.72271117001013
73500.0,276435.24287926604,-202935.24287926604,276.1023712643075
114700.0,181150.67118183384,-66450.67118183384,57.93432535469384
175000.0,218488.79481255784,-43488.79481255784,24.850739892890196
318100.0,203849.37618243738,114250.62381756262,35.91657460470375
331200.0,240353.10802890913,90846.89197109087,27.42961714102985
192500.0,230517.75911107392,-38017.759111073916,19.74948525250593
159500.0,249462.2891712175,-89962.2891712175,56.402689135559555
162700.0,231252.36591416315,-68552.36591416315,42.134213837838445
67300.0,95261.63063243139,-27961.630632431392,41.54774239588617
212900.0,170442.45671479084,42457.54328520916,19.942481580652494
140600.0,209870.1688702965,-69270.1688702965,49.26754542695342
186500.0,142635.86266986153,43864.137330138474,23.519644681039395
393200.0,353525.23893332283,39674.761066677165,10.090224075960622
55300.0,87192.06622271526,-31892.066222715264,57.67100582769488
409800.0,284658.13317466615,125141.86682533385,30.537302788026803
191800.0,143241.18120954913,48558.81879045087,25.31742376978669
99500.0,155046.1239940995,-55546.1239940995,55.82525024532613
175000.0,169019.26361935236,5980.736380647635,3.417563646084363
158000.0,171261.3199861308,-13261.31998613081,8.393240497551146
106900.0,165169.47677423683,-58269.47677423683,54.5083973566294
277200.0,239345.1321566269,37854.8678433731,13.656157230654076
326700.0,237214.82894918174,89485.17105081826,27.390624747725212
96000.0,77035.25347025099,18964.746529749013,19.75494430182189
431800.0,439727.4944037902,-7927.494403790217,1.835918111113992
172200.0,211902.26916016472,-39702.269160164724,23.05590543563573
112500.0,119393.59683641436,-6893.596836414363,6.127641632368323
225000.0,121398.72260584973,103601.27739415027,46.045012175177895
259500.0,256525.80942652645,2974.1905734735483,1.146123535057244
291500.0,265807.96299723425,25692.03700276575,8.813734820845882
50400.0,45541.162701035675,4858.837298964325,9.640550196357788
150000.0,253684.03226223227,-103684.03226223227,69.1226881748215
224600.0,260453.19993992712,-35853.199939927115,15.963134434517862
130600.0,152678.9874513107,-22078.987451310706,16.905809687067922
69700.0,99504.74405684156,-29804.744056841562,42.7614692350668
353000.0,277676.24608925654,75323.75391074346,21.338173912391913
231200.0,285379.7412097196,-54179.74120971962,23.43414412185105
205100.0,222700.97168849665,-17600.971688496647,8.581653675522501
398100.0,310678.39464463014,87421.60535536986,21.959709961157962
141300.0,214089.2059420386,-72789.20594203859,51.513946172709545
173300.0,158748.3511399537,14551.64886004629,8.396796803258102
127900.0,125479.23140031591,2420.7685996840883,1.8927041436153935
289500.0,236038.06900079743,53461.93099920257,18.466988255337675
95900.0,94914.46210224536,985.5378977546352,1.0276724689829355
133400.0,153649.85543547472,-20249.855435474718,15.179801675768154
146800.0,218838.73134347628,-72038.73134347628,49.0727052748476
181300.0,222624.12209354763,-41324.12209354763,22.79322785082605
54600.0,53707.96853411899,892.0314658810094,1.6337572635183322
55500.0,70703.62553330284,-15203.625533302838,27.393919879824935
150000.0,208823.6860446677,-58823.6860446677,39.21579069644513
102800.0,79921.8100253022,22878.1899746978,22.255048613519264
93300.0,56918.01668165898,36381.98331834102,38.99462306360238
123100.0,158111.70882211853,-35011.708822118526,28.441680602858266
231800.0,110884.95944265681,120915.04055734319,52.163520516541496
159500.0,169417.53142754428,-9917.53142754428,6.217888042347511
108300.0,94058.75013095234,14241.249869047664,13.149815206876884
43100.0,55659.93178375202,-12559.931783752021,29.141373048148537
105600.0,101209.05350754295,4390.946492457049,4.158093269372206
168300.0,150197.72677132906,18102.273228670936,10.755955572591168
28300.0,57543.48916978823,-29243.489169788227,103.33388399218455
282900.0,294070.39852891676,-11170.398528916761,3.948532530546752
234300.0,236437.43585485683,-2137.435854856827,0.9122645560635199
212500.0,105758.83229296369,106741.16770703631,50.231137744487675
205600.0,195770.58355212572,9829.416447874275,4.780844575814336
150000.0,191337.03500864282,-41337.03500864282,27.558023339095218
193000.0,157937.0457436596,35062.954256340396,18.167333811575332
14999.0,227990.7095514023,-212991.7095514023,1420.0393996359912
170000.0,86318.1019791658,83681.8980208342,49.22464589460835
168300.0,220929.617638964,-52629.617638964,31.271311728439695
93500.0,112971.88332611258,-19471.883326112584,20.825543664291533
191800.0,206709.263009115,-14909.263009115006,7.7733383780578755
181500.0,243698.64816030522,-62198.64816030522,34.2692276365318
195400.0,254504.46024151187,-59104.46024151187,30.24793256986278
121900.0,303403.96012780257,-181503.96012780257,148.89578353388234
142600.0,205277.47460911822,-62677.47460911822,43.95334825323858
158300.0,239180.35478740203,-80880.35478740203,51.093085778523076
165300.0,161767.8160466486,3532.1839533513994,2.136832397671748
155000.0,187702.51928833532,-32702.519288335316,21.098399540861493
92100.0,109329.87279818908,-17229.872798189084,18.70778805449412
68100.0,83319.00568657611,-15219.005686576114,22.348025971477405
276300.0,308250.7271913418,-31950.727191341808,11.563781104358236
335200.0,394362.91892013745,-59162.918920137454,17.650035477367975
121100.0,142210.6375095128,-21110.637509512802,17.432400916195544
177100.0,123485.14152498372,53614.858475016285,30.273776665734776
187500.0,216820.09210014195,-29320.09210014195,15.637382453409037
192000.0,220732.0237336984,-28732.023733698414,14.96459569463459
301200.0,289501.82247632864,11698.177523671358,3.8838570795721643
159100.0,123775.83630227562,35324.163697724376,22.20249132477962
500001.0,605764.0840931663,-105763.08409316628,21.15257451348423
273700.0,245536.0231307178,28163.976869282196,10.29009019703405
233900.0,260377.13310129585,-26477.133101295854,11.3198516893099
500001.0,222747.09068332682,277253.9093166732,55.45067096199271
222800.0,281795.7765130023,-58995.77651300229,26.479253372083612
140200.0,138687.7702906322,1512.2297093677917,1.0786231878514918
159800.0,165303.20420844387,-5503.204208443873,3.4438073895143133
118800.0,137887.1470372525,-19087.147037252493,16.06662208522937
500001.0,253708.32921970807,246292.67078029193,49.25843563918711
105500.0,166856.54747100445,-61356.54747100445,58.15786490142602
217800.0,205443.03110733329,12356.968892666715,5.673539436486095
187500.0,203253.29720758842,-15753.297207588417,8.401758510713822
287300.0,352802.577413908,-65502.57741390797,22.79936561570065
131000.0,173712.50726367036,-42712.507263670355,32.6049673768476
55800.0,35417.161677061085,20382.838322938915,36.52838409128838
161900.0,239928.8029996876,-78028.80299968761,48.19567819622459
253600.0,253679.95662404638,-79.95662404637551,0.03152863724226164
155000.0,186636.64922807366,-31636.649228073657,20.410741437466875
311500.0,253287.29541872905,58212.704581270955,18.687866639252313
87800.0,88496.57401647352,-696.574016473518,0.793364483455032
105800.0,181093.64098348355,-75293.64098348355,71.16601227172357
137000.0,166192.89825114893,-29192.89825114893,21.308684854853233
156300.0,174701.29931503406,-18401.299315034063,11.773064181083853
154700.0,189323.67052158655,-34623.67052158655,22.38117034362414
167400.0,133680.31600574066,33719.683994259336,20.143180402783358
457800.0,299590.6274802572,158209.3725197428,34.558622219253564
500001.0,293891.1228338589,206109.87716614112,41.221892989442246
188300.0,298465.2553719509,-110165.25537195092,58.505180760462515
442900.0,276952.5761273925,165947.42387260753,37.46837296739841
500001.0,495494.778208718,4506.221791282005,0.9012425557712894
500001.0,365070.9554953745,134930.0445046255,26.98595492901524
187500.0,167574.7491167693,19925.250883230707,10.626800471056377
57400.0,61604.240771307464,-4204.2407713074645,7.3244612740548165
387500.0,90837.57945580305,296662.42054419697,76.55804401140567
272000.0,312058.4192684216,-40058.419268421596,14.727360025154997
167600.0,186086.64263394196,-18486.642633941956,11.03021636870045
403700.0,299630.9215409399,104069.07845906011,25.778815570735723
191700.0,152893.30566483614,38806.69433516386,20.243450357414638
500001.0,242661.58956010733,257339.41043989267,51.467779152420235
187100.0,243054.2640465594,-55954.2640465594,29.906073782233776
96400.0,140371.1265729564,-43971.12657295639,45.61320183916638
92400.0,87041.91250632232,5358.087493677682,5.79879598882866
213900.0,220481.3210255928,-6581.321025592799,3.076821423839551
155000.0,219253.70649206615,-64253.70649206615,41.45400418842978
133000.0,192048.70771712562,-59048.707717125624,44.397524599342574
275000.0,184446.30738456475,90553.69261543525,32.928615496521914
238500.0,236308.3828012815,2191.617198718508,0.9189170644522047
158300.0,135046.8722408068,23253.127759193187,14.689278432844716
70500.0,178312.57227059134,-107812.57227059134,152.9256344263707
222300.0,164188.51399726723,58111.48600273277,26.14101934445918
411900.0,320590.1612057588,91309.8387942412,22.167962805108328
185100.0,173801.91453680978,11298.085463190218,6.103773886110329
500001.0,275966.198121879,224034.80187812098,44.80687076188267
139800.0,206352.27175647637,-66552.27175647637,47.60534460406035
178100.0,183950.14020228808,-5850.140202288079,3.2847502539517572
159300.0,217065.59759111123,-57765.59759111123,36.26214538048414
125000.0,155371.19656128943,-30371.196561289427,24.296957249031543
197100.0,295182.0830584105,-98082.0830584105,49.762599217864285
64000.0,63407.94655067075,592.0534493292507,0.9250835145769543
194600.0,201906.06100234578,-7306.061002345785,3.7543992817809793
162500.0,85435.09804160951,77064.90195839049,47.42455505131723
84400.0,77264.06780411053,7135.9321958894725,8.454895966693687
61300.0,73477.18339077575,-12177.183390775754,19.86489949555588
368200.0,303858.63245460414,64341.36754539586,17.474570218738688
122100.0,129023.15373829054,-6923.153738290537,5.670068581728532
86100.0,74882.95122839001,11217.048771609989,13.027931209767699
209900.0,228018.10175368318,-18118.10175368318,8.631777872169213
170800.0,191731.72875191504,-20931.72875191504,12.255110510488901
175000.0,183860.28452004236,-8860.284520042362,5.063019725738492
126600.0,155638.23576866928,-29038.235768669285,22.936995077937823
282200.0,240044.67361552644,42155.32638447356,14.938102900238684
207700.0,235566.62130601812,-27866.621306018118,13.416765193075648
104200.0,187287.8327613659,-83087.83276136589,79.7388030339404
214300.0,261862.2489861551,-47562.248986155086,22.19423657776719
80300.0,122588.56829788735,-42288.56829788735,52.66322328504028
273100.0,221320.9178690084,51779.08213099159,18.959751787254337
237500.0,254071.47631211177,-16571.476312111772,6.9774637103628505
73800.0,80621.44450849073,-6821.444508490735,9.24314974050235
184400.0,178011.5214621176,6388.478537882387,3.4644677537323143
342000.0,248113.07849894185,93886.92150105815,27.452316228379576
129700.0,194758.09058532133,-65058.09058532133,50.160439927001796
224000.0,274727.2154510596,-50727.21545105957,22.64607832636588
156900.0,162442.0308811916,-5542.030881191604,3.5322057878850246
394900.0,272821.91518702684,122078.08481297316,30.913670502145646
157700.0,245838.5476848386,-88138.54768483859,55.89001121422865
119900.0,217852.05974457433,-97952.05974457433,81.6947954500203
316900.0,265012.1439448201,51887.8560551799,16.37357401551906
212500.0,279079.2345282921,-66579.23452829209,31.33140448390216
68300.0,155481.7665444611,-87181.7665444611,127.645339010924
165100.0,229627.70442983432,-64527.704429834324,39.08401237421825
93600.0,120379.8008961243,-26779.800896124303,28.610898393295198
88800.0,139100.82450521534,-50300.824505215336,56.64507264100826
184700.0,242419.61790375452,-57719.61790375452,31.250469899163253
327100.0,319770.71668297384,7329.283317026158,2.2406858199407393
134300.0,89197.29393756768,45102.70606243232,33.5835488178945
500001.0,234343.11665279415,265657.8833472058,53.13147040650035
162100.0,177769.46275533506,-15669.462755335058,9.66654087312465
500001.0,511800.3624162967,-11799.362416296673,2.3598677635238077
229200.0,211228.72343140576,17971.276568594243,7.84087110322611
112500.0,70981.08785203175,41518.91214796825,36.90569968708289
354200.0,260678.60833525468,93521.39166474532,26.40355495899077
362100.0,302410.2236752945,59689.77632470551,16.48433480384024
162500.0,54241.88474901955,108258.11525098045,66.62037861598797
100500.0,144297.51946780767,-43797.519467807666,43.57962136100265
67700.0,9176.006066150672,58523.99393384933,86.446076711742
57100.0,72980.84092035142,-15880.840920351417,27.812330858759047
164800.0,215022.5808485664,-50222.5808485664,30.474867019761163
204200.0,215212.80395999464,-11012.803959994635,5.393145915766227
342400.0,281716.962295661,60683.03770433902,17.722849796827983
181500.0,152223.39585367544,29276.604146324564,16.130360411198108
304500.0,208543.87037985589,95956.12962014411,31.512686246352743
235300.0,268070.2529704493,-32770.25297044928,13.927009337207513
105300.0,234915.64837612188,-129615.64837612188,123.09178383297426
291400.0,264319.7272477385,27080.272752261488,9.293161548476832
159600.0,216053.24299938217,-56453.24299938217,35.37170613996376
111800.0,141507.48314277953,-29707.48314277953,26.5719884998028
119600.0,131105.39867229556,-11505.39867229556,9.61989855543107
329700.0,211028.76281645068,118671.23718354932,35.99370251245051
136700.0,229370.0577933255,-92670.05779332551,67.79082501340564
101400.0,98574.67778303742,2825.3222169625806,2.7863138234344977
118600.0,98630.70324455985,19969.296755440155,16.837518343541447
133300.0,187291.78906891946,-53991.78906891946,40.503967793638004
52500.0,54013.41950116004,-1513.4195011600386,2.882703811733407
234600.0,274015.852328712,-39415.852328712004,16.801301077882353
75000.0,159817.44131006114,-84817.44131006114,113.08992174674819
176300.0,214263.28913636124,-37963.28913636124,21.53334607848057
346800.0,288887.3408183494,57912.65918165061,16.69915201316338
251800.0,210611.81992576478,41188.18007423522,16.357498043778882
54200.0,109950.44935945686,-55750.44935945686,102.86060767427465
67500.0,155848.8095799054,-88348.80957990541,130.88712530356358
142500.0,185579.09178141842,-43079.09178141842,30.230941600995383
101600.0,119381.55003798741,-17781.550037987414,17.501525627940367
227300.0,307808.45723092393,-80508.45723092393,35.41947084510512
337200.0,254633.79094323664,82566.20905676336,24.485827122409063
118800.0,218991.46753105932,-100191.46753105932,84.3362521305213
67500.0,75161.29612871775,-7661.296128717746,11.350068338841105
202000.0,245091.03110729824,-43091.031107298244,21.332193617474378
94200.0,119858.20721242971,-25658.207212429712,27.238011902791627
96200.0,81854.12058025619,14345.879419743811,14.91255656938026
225000.0,234485.07415510272,-9485.074155102717,4.215588513378985
258700.0,213223.0629522136,45476.9370477864,17.57902475755176
103100.0,104330.99152444281,-1230.991524442812,1.1939782002355113
117200.0,148826.51377159928,-31626.513771599275,26.985080009896993
164800.0,76679.40559851608,88120.59440148392,53.47123446691986
144000.0,223928.0766458808,-79928.07664588079,55.50560878186166
500001.0,305139.4327626874,194861.5672373126,38.972235502991516
155400.0,112707.40361214417,42692.596387855825,27.47271324829847
114700.0,98390.5828228065,16309.417177193507,14.219195446550573
123100.0,207922.14764582136,-84822.14764582136,68.90507526061849
226800.0,208469.3474846003,18330.652515399706,8.082298287213273
180400.0,127794.58460276859,52605.41539723141,29.160429821081713
310900.0,292280.5325398726,18619.467460127373,5.9888927179566975
148800.0,204532.75654676373,-55732.75654676373,37.45480950723369
84700.0,127289.45808258088,-42589.45808258088,50.282713202574826
63700.0,49350.83512811715,14349.164871882851,22.526161494321588
262000.0,188894.36521874717,73105.63478125283,27.902914038646117
438100.0,364965.81474342,73134.18525658,16.693491270618583
226500.0,242373.1445778621,-15873.144577862113,7.0080108511532515
87600.0,89873.71774553452,-2273.7177455345227,2.59556820266498
345500.0,301208.8609657424,44291.13903425762,12.81943242670264
140100.0,106699.84983005372,33400.15016994628,23.840221391824613
366700.0,282669.4028507766,84030.59714922338,22.915352372299804
270800.0,279814.2483651828,-9014.248365182779,3.328747549919785
168800.0,253585.9411259038,-84785.9411259038,50.22863810776291
293800.0,282558.81711195235,11241.182888047653,3.826134407095866
251800.0,299494.63694195333,-47694.63694195333,18.941476148512045
85100.0,123404.80837985138,-38304.80837985138,45.01152571075368
267500.0,282153.0092184349,-14653.00921843492,5.4777604554896895
140900.0,190505.80464493035,-49605.80464493035,35.20639080548641
285500.0,191270.36578445588,94229.63421554412,33.0051258198053
151300.0,190950.59509158685,-39650.595091586845,26.206606141167775
225000.0,283084.9173872647,-58084.91738726472,25.815518838784325
44600.0,107134.41809455518,-62534.41809455518,140.21169976357663
450000.0,193664.04160338323,256335.95839661677,56.963546310359284
229300.0,281152.73780027265,-51852.73780027265,22.61349228097368
225000.0,39808.10079034694,185191.89920965306,82.3075107598458
138000.0,194354.18685205447,-56354.18685205447,40.83636728409744
96900.0,102407.49422936897,-5507.494229368967,5.683688575200173
161200.0,191815.07429991275,-30615.074299912754,18.99198157562826
144300.0,120575.36093265674,23724.63906734326,16.441191314860195
450000.0,206161.52999643653,243838.47000356347,54.18632666745855
122500.0,155659.10615732823,-33159.106157328235,27.06865808761488
248700.0,203087.5662362572,45612.433763742796,18.34034329060828
134200.0,215471.50089270942,-81271.50089270942,60.55998576207855
348100.0,353785.51593596954,-5685.515935969539,1.6332996081498246
78300.0,110541.85329159553,-32241.85329159553,41.17733498288062
107800.0,80908.24943456717,26891.750565432827,24.945965274056427
146900.0,179402.59900682102,-32502.599006821023,22.125663040722277
188300.0,185962.75566821118,2337.2443317888246,1.241234376945738
162500.0,139852.31933413856,22647.680665861437,13.93703425591473
58600.0,50260.096350776235,8339.903649223765,14.231917490142942
183700.0,184138.57177030176,-438.5717703017581,0.23874347866181717
180400.0,158102.2311133487,22297.76888665129,12.360182309673664
175000.0,220404.1555267605,-45404.1555267605,25.94523172957743
137200.0,269900.799206667,-132700.799206667,96.72069913022376
110000.0,317467.4791539816,-207467.4791539816,188.60679923089236
233400.0,307293.8855554471,-73893.88555544708,31.659762448777666
128300.0,89141.84315350595,39158.15684649405,30.52077696531103
350000.0,349099.80417941127,900.1958205887349,0.2571988058824957
155200.0,207177.83620471408,-51977.83620471408,33.49087384324361
256700.0,221894.62605400445,34805.373945995554,13.55877442383933
85900.0,124266.30408581029,-38366.30408581029,44.66391628150209
73200.0,76486.44248268328,-3286.4424826832837,4.489675522791371
258300.0,221059.82752855113,37240.17247144887,14.417410945198942
62800.0,61165.77376176912,1634.2262382308836,2.6022710799854836
485000.0,285936.3734944239,199063.62650557607,41.04404670218064
124000.0,182456.65160167078,-58456.651601670776,47.142460969089335
158500.0,225837.90224801784,-67337.90224801784,42.48448091357592
97300.0,123641.07144241579,-26341.071442415792,27.072015870930926
186700.0,253335.92333716102,-66635.92333716102,35.691442601585976
344100.0,329926.1466798939,14173.853320106107,4.119108782361554
166700.0,217547.6960661624,-50847.6960661624,30.502517136270193
108900.0,90280.44480438656,18619.555195613444,17.097846827927864
482900.0,295520.92952509515,187379.07047490485,38.80287232861976
204400.0,241837.77632481343,-37437.77632481343,18.31593753660148
230700.0,218392.84508017587,12307.154919824126,5.334700875519777
53000.0,46613.786108125234,6386.213891874766,12.049460173348615
178500.0,204902.11981220663,-26402.119812206627,14.79110353625021
500001.0,323211.9401238392,176789.0598761608,35.357741259749645
500001.0,570357.8633964219,-70356.86339642189,14.071344536595303
84900.0,120544.09296741054,-35644.09296741054,41.98361951402891
500001.0,276913.5989952704,223087.40100472962,44.61739096616399
246800.0,272647.24247285054,-25847.242472850543,10.472950758853543
156300.0,175605.95764289255,-19305.95764289255,12.351860296156463
234600.0,193589.3526283883,41010.6473716117,17.481094361300812
48800.0,65946.6275402862,-17146.627540286194,35.136531844848754
145800.0,197356.22605146753,-51556.22605146753,35.36092321774179
271500.0,255421.11852350653,16078.881476493465,5.922239954509564
500001.0,314145.41753356496,185855.58246643504,37.171042151202705
87500.0,174176.67337277526,-86676.67337277526,99.05905528317173
69100.0,78231.79220845562,-9131.79220845562,13.215328811079043
139300.0,123185.09470849491,16114.905291505085,11.568489082200347
273400.0,297300.13173129235,-23900.13173129235,8.741818482550237
229700.0,275804.09505171474,-46104.09505171474,20.07143885577481
68200.0,87866.13650262909,-19666.136502629088,28.83597727658224
114300.0,111849.42113560802,2450.5788643919805,2.1439885077795107
159900.0,217586.4169533212,-57686.4169533212,36.07655844485378
116600.0,149635.51866314802,-33035.51866314802,28.33234876770842
209900.0,231599.1288091978,-21699.128809197806,10.337841262123776
68900.0,86928.50761143955,-18028.50761143955,26.16619392081212
101400.0,144365.07235648925,-42965.072356489254,42.37186622927934
214000.0,245841.78355396338,-31841.78355396338,14.879338109328682
355300.0,312591.16162859893,42708.83837140107,12.020500526710123
90300.0,182197.73583165935,-91897.73583165935,101.76936415466152
159300.0,189638.54647301935,-30338.54647301935,19.044913040187915
63900.0,90130.93419765211,-26230.93419765211,41.0499752701911
218200.0,250028.30522821943,-31828.305228219426,14.586757666461697
253600.0,228529.96086934753,25070.03913065247,9.885662117765168
81300.0,78539.20239330656,2760.7976066934352,3.3958150143830688
188600.0,275144.3231543454,-86544.32315434539,45.88776413273881
165400.0,260021.904453132,-94621.90445313201,57.20792288581137
106300.0,192434.36451674812,-86134.36451674812,81.02950566015815
210100.0,263967.66191456735,-53867.66191456735,25.639058502887835
147600.0,178495.77622225732,-30895.776222257322,20.93209771155645
112500.0,201972.316584302,-89472.316584302,79.53094807493511
175000.0,208780.21999670612,-33780.21999670612,19.302982855260638
156600.0,201478.99930658584,-44878.99930658584,28.65836481902033
117300.0,179449.18154728232,-62149.18154728232,52.98310447338647
229200.0,187978.44029663078,41221.55970336922,17.98497369256947
350000.0,199325.31400771838,150674.68599228162,43.049910283509035
171900.0,185526.00308894648,-13626.003088946483,7.926703367624481
199300.0,209189.36387468025,-9889.363874680246,4.962049109222401
251600.0,263193.7325632786,-11593.73256327858,4.608001813703728
300000.0,333874.7310094902,-33874.731009490206,11.291577003163402
158900.0,155868.79017705566,3031.2098229443363,1.9076210339486068
216800.0,277480.71397073683,-60680.71397073683,27.98925921159448
198000.0,267249.6557947961,-69249.65579479613,34.97457363373542
356100.0,333145.2770983352,22954.72290166479,6.446145156322604
192300.0,223326.04846469848,-31026.048464698484,16.134190569265982
314500.0,237248.34865021927,77251.65134978073,24.56332316368227
50000.0,80317.19692457383,-30317.19692457383,60.63439384914766
162500.0,231512.75140108875,-69012.75140108875,42.46938547759308
167100.0,197803.299503797,-30703.299503796996,18.374206764690005
138800.0,127167.58326464902,11632.416735350984,8.380703699820593
147600.0,196601.7405859419,-49001.74058594191,33.199011237088015
238500.0,227181.95520262813,11318.04479737187,4.745511445438939
110700.0,140850.83018402936,-30150.830184029357,27.2365222981295
333800.0,315433.39182809717,18366.60817190283,5.5022792606060005
192100.0,225578.50483676157,-33478.50483676157,17.427644371036735
294000.0,164068.97468108812,129931.02531891188,44.194226298949616
154500.0,53832.24367907885,100667.75632092115,65.15712383231143
151900.0,209421.57328069693,-57521.57328069693,37.86805350934623
500001.0,470695.4864449074,29305.51355509262,5.861090988836547
322900.0,254799.20087608875,68100.79912391125,21.090368263831294
165600.0,253829.69960082846,-88229.69960082846,53.27880410678048
221200.0,126600.9542471174,94599.0457528826,42.76629554831944
170400.0,211987.13233098842,-41587.13233098842,24.405594090955642
198700.0,206996.96621886975,-8296.966218869755,4.175624669788503
162500.0,154125.7979540699,8374.202045930113,5.153355105187762
411200.0,347149.5451239422,64050.4548760578,15.576472489313668
335500.0,285990.98593557824,49509.01406442176,14.756785116072061
149100.0,132415.5403991916,16684.45960080839,11.190113749703816
381500.0,288557.1373452195,92942.8626547805,24.362480381331718
183900.0,124712.75193642806,59187.24806357194,32.18447420531373
91200.0,186171.79800763392,-94971.79800763392,104.13574342942316
411500.0,399568.62220540433,11931.377794595668,2.899484275721912
220300.0,264264.4998328777,-43964.499832877715,19.956649946835096
158100.0,199078.41227846578,-40978.41227846578,25.919299353868297
69600.0,80433.52236998922,-10833.522369989223,15.565405704007503
270500.0,311110.6694672222,-40610.66946722218,15.013186494352007
261600.0,258070.6842776394,3529.315722360596,1.349126805183714
389500.0,319694.9643320275,69805.03566797252,17.9217036374769
75000.0,64923.923711130425,10076.076288869575,13.434768385159435
177600.0,244377.30304048417,-66777.30304048417,37.59983279306541
170400.0,86622.94567201997,83777.05432798003,49.16493798590377
154200.0,215666.61480045048,-61466.61480045048,39.86161789912482
131900.0,168148.2337833983,-36248.23378339829,27.481602565123797
44400.0,65163.68901175159,-20763.689011751587,46.76506534178285
145000.0,183288.22936731807,-38288.22936731807,26.405675425736597
224100.0,285803.4125670773,-61703.41256707732,27.5338744163665
187500.0,204291.65543477485,-16791.655434774846,8.955549565213252
192900.0,216423.86555560122,-23523.865555601224,12.194849951063361
88600.0,69382.0078869561,19217.992113043903,21.690736019236912
183900.0,215587.17949297494,-31687.179492974945,17.23065769057909
225000.0,292563.0789599117,-67563.07895991171,30.028035093294093
182800.0,172932.26392870408,9867.73607129592,5.398105071824901
137600.0,158069.3607350589,-20469.3607350589,14.875988906292806
265300.0,260695.9092851591,4604.090714840888,1.7354280870112655
36600.0,27292.02911855813,9307.97088144187,25.43161443016904
125500.0,166566.99699463256,-41066.99699463256,32.72270676863152
138600.0,219504.13405068274,-80904.13405068274,58.37239108995868
487100.0,241184.20897832385,245915.79102167615,50.48568898001974
178600.0,183718.05936770194,-5118.059367701935,2.865654741154499
134500.0,189899.32571116436,-55399.32571116436,41.18908974807759
306700.0,354217.94216275564,-47517.942162755644,15.493297085997929
115800.0,214154.35082977838,-98354.35082977838,84.93467256457546
91400.0,126451.97578788927,-35051.97578788927,38.35008291891605
210900.0,242263.13363420876,-31363.13363420876,14.871092287438955
259200.0,293844.66740396596,-34644.667403965956,13.365998226838718
347300.0,394645.89920675085,-47345.89920675085,13.632565276922215
168400.0,187247.63650013774,-18847.63650013774,11.19218319485614
150900.0,140190.1729962291,10709.827003770886,7.097300863996611
113500.0,123132.04142766783,-9632.041427667835,8.486380112482674
302600.0,276439.01224946586,26160.987750534143,8.645402429125626
423300.0,312986.40049631754,110313.59950368246,26.06038259005019
492200.0,372082.0134709285,120117.98652907152,24.404304455317256
190600.0,228869.83507004517,-38269.83507004517,20.078612313769764
245000.0,193160.2629687758,51839.73703122421,21.15907633927519
55700.0,104062.28470551038,-48362.28470551038,86.82636392371703
84000.0,159773.7013861254,-75773.70138612541,90.20678736443502
275000.0,298423.79624035663,-23423.796240356634,8.517744087402413
189600.0,179070.0464718436,10529.953528156388,5.55377295788839
275900.0,186421.8597120195,89478.1402879805,32.431366541493475
319800.0,352420.27493801125,-32620.27493801125,10.200211050034788
291700.0,237033.6134617612,54666.38653823879,18.7406193137603
67900.0,67262.08111046834,637.918889531662,0.9394976281762326
189000.0,239292.65064919123,-50292.65064919123,26.609868068355148
90000.0,184213.1673195274,-94213.16731952739,104.6812970216971
335000.0,238060.38329629085,96939.61670370915,28.937199016032583
176700.0,175437.75476541684,1262.2452345831553,0.7143436528484184
98500.0,135534.98273230105,-37034.982732301054,37.598967240914774
200600.0,227362.58187546997,-26762.581875469972,13.341267136326007
60200.0,94825.30103307165,-34625.30103307165,57.517111350617355
191900.0,223376.288693431,-31476.288693431008,16.40244330038093
191100.0,225672.2066784621,-34572.2066784621,18.09115995733234
337300.0,301203.5482206106,36096.451779389405,10.701586652650283
225000.0,335345.7150995288,-110345.71509952878,49.04254004423501
290600.0,217365.38299021017,73234.61700978983,25.201175846452106
121500.0,102515.6137737063,18984.386226293704,15.625009239747904
293200.0,297254.28295122174,-4054.282951221743,1.38277044721069
107000.0,85152.34974990135,21847.650250098653,20.41836471971837
266400.0,245813.3767309348,20586.623269065196,7.727711437336786
76900.0,105778.83828756315,-28878.83828756315,37.553755900602276
220300.0,145370.9802490175,74929.0197509825,34.01226498001929
101100.0,163005.01770144212,-61905.01770144212,61.23147151477954
474600.0,304311.58672128257,170288.41327871743,35.88040734907658
65300.0,104859.4273224052,-39559.4273224052,60.58105256111057
113700.0,166112.85488695512,-52412.854886955116,46.09749770180749
214200.0,215251.3930607418,-1051.3930607418006,0.4908464335862748
216700.0,283769.3905313207,-67069.3905313207,30.950341731112463
198400.0,241267.29458955774,-42867.29458955774,21.606499289091605
212200.0,139252.62591952627,72947.37408047373,34.3767078607322
222700.0,258158.38609009862,-35458.38609009862,15.922041351638356
265900.0,177689.77748364973,88210.22251635027,33.1742092953555
37500.0,64094.81425673948,-26594.814256739483,70.91950468463862
265000.0,231803.88842456898,33196.111575431016,12.526834556766422
108700.0,144804.14291320925,-36104.142913209245,33.21448290083647
46700.0,46826.05463642639,-126.05463642638642,0.2699242750029688
187500.0,242013.57569895082,-54513.57569895082,29.07390703944044
61600.0,53978.321014213056,7621.678985786944,12.372855496407377
343000.0,302176.20929963735,40823.790700362646,11.901979796024095
166000.0,222392.99877642855,-56392.99877642855,33.971686009896715
500001.0,224398.3857470646,275602.6142529354,55.12041260976186
137500.0,220626.51729017444,-83126.51729017444,60.455648938308684
90600.0,72221.06255274886,18378.93744725114,20.28580292191075
77000.0,99815.71782175713,-22815.717821757135,29.630802365918356
148100.0,187799.07578363665,-39699.075783636654,26.805587970045007
91600.0,161038.9764321664,-69438.97643216641,75.806742829876
150900.0,208073.7307798694,-57173.730779869395,37.888489582418416
155100.0,186858.85905053501,-31758.859050535015,20.47637591910704
89200.0,99193.75356809385,-9993.753568093845,11.203759605486374
215400.0,188580.43433352868,26819.565666471317,12.451051841444437
55100.0,70864.8196408338,-15764.819640833797,28.611287914398908
197400.0,207480.24347096714,-10080.243470967136,5.106506317612531
154400.0,215947.07282392168,-61547.072823921684,39.86209379787674
141700.0,190565.0533857694,-48865.053385769395,34.484864774713756
98400.0,79416.44718063305,18983.552819366945,19.292228474966407
152600.0,191076.56462266564,-38476.56462266564,25.214000408037773
109600.0,160796.56827214593,-51196.56827214593,46.712197328600304
171300.0,164620.35256099276,6679.64743900724,3.899385545246491
104100.0,102732.28408911987,1367.715910880128,1.3138481372527646
153900.0,211693.89231419715,-57793.892314197146,37.55288649395526
270000.0,212159.84403180282,57840.155968197185,21.42227998822118
286500.0,277755.23747761507,8744.762522384932,3.0522731317224894
335000.0,250276.32423416918,84723.67576583082,25.290649482337557
137700.0,170096.39374930144,-32396.39374930144,23.52679284626103
232000.0,227775.75638571315,4224.243614286854,1.8207946613305401
393800.0,268635.3766777105,125164.6233222895,31.783804805050657
70300.0,74058.5009579515,-3758.5009579515026,5.346374051140117
141700.0,156999.07570270827,-15299.075702708273,10.796807129645924
156300.0,179922.42199933823,-23622.42199933823,15.113513755174809
450000.0,373008.2461014708,76991.75389852922,17.109278644117605
199800.0,214814.92680712653,-15014.926807126525,7.514978381945207
95300.0,125011.47411397222,-29711.474113972217,31.176782910778822
86900.0,118657.48693003885,-31757.486930038853,36.54486413122998
187500.0,162106.46963053208,25393.530369467917,13.543216197049556
221800.0,243377.4378115729,-21577.43781157289,9.728330843811042
58800.0,74527.15856735004,-15727.158567350038,26.746868311819792
134400.0,104228.24990441003,30171.750095589974,22.44921882112349
238600.0,290340.7609285626,-51740.76092856261,21.685147078190532
160900.0,199217.98322707738,-38317.98322707738,23.814781371707504
136400.0,202799.48993951431,-66399.48993951431,48.67997796152076
144000.0,185896.79045408498,-41896.790454084985,29.094993370892354
159300.0,242546.2690497283,-83246.26904972829,52.25754491508368
155300.0,194592.46012345745,-39292.46012345745,25.301004586901126
142600.0,262146.4006077311,-119546.40060773108,83.83338051033034
120700.0,122651.4338700654,-1951.4338700654043,1.6167637697310726
126200.0,187659.09568245793,-61459.09568245793,48.699758860901696
213400.0,260428.2637195285,-47028.263719528506,22.03761186482123
116900.0,163116.19218513463,-46216.19218513463,39.53480939703561
185800.0,204317.3822829812,-18517.382282981212,9.966298322379554
356000.0,362177.0339342711,-6177.0339342710795,1.7351218916491797
150000.0,107681.567291697,42318.43270830299,28.212288472201998
88900.0,106730.71103814311,-17830.711038143112,20.05704278756256
259100.0,185356.570554518,73743.429445482,28.461377632374372
500001.0,383745.3348481081,116255.66515189188,23.25108652820532
127600.0,110901.61288222311,16698.38711777689,13.08651028038941
69900.0,107144.35063250066,-37244.35063250066,53.2823328075832
137000.0,249948.74588084742,-112948.74588084742,82.44434005901272
273700.0,261715.42967580506,11984.570324194938,4.3787249997058595
92000.0,128685.13262143296,-36685.13262143296,39.875144153731476
118300.0,127478.15025753259,-9178.150257532587,7.758368772216895
410800.0,465440.80789182096,-54640.807891820965,13.301073001903838
100500.0,95157.10915672482,5342.890843275178,5.316309296791221
492900.0,253039.55886279893,239860.44113720107,48.66310430862266
118500.0,124224.83186166178,-5724.831861661776,4.831081739798967
113500.0,142274.04504306882,-28774.04504306882,25.351581535743456
89900.0,171442.6918691984,-81542.6918691984,90.70377293570456
500001.0,383621.85478294705,116379.14521705295,23.275782491845607
500001.0,449373.8376396558,50627.1623603442,10.125412221244396
146300.0,284724.190695382,-138424.190695382,94.61667169882571
113500.0,174469.0761438333,-60969.076143833314,53.7172477038179
275000.0,234490.35996563477,40509.640034365235,14.730778194314631
102500.0,159876.05670392522,-57376.05670392522,55.976640686756305
147100.0,223483.2542560315,-76383.2542560315,51.926073593495246
225000.0,250721.0217495649,-25721.021749564912,11.43156522202885
139400.0,143537.66993614667,-4137.669936146674,2.9681993803060793
175800.0,181958.39076653906,-6158.390766539058,3.5030664201018533
57000.0,135192.26369331038,-78192.26369331038,137.1794099882638
269600.0,197784.81159781083,71815.18840218917,26.63768115808204
272900.0,261862.0632776042,11037.936722395796,4.044681833050859
76200.0,113387.6900469781,-37187.690046978096,48.80274284380327
484100.0,427807.53950995696,56292.46049004304,11.628271119612279
180600.0,167893.21812417376,12706.781875826244,7.035870363137454
238000.0,236622.53247914047,1377.467520859529,0.5787678659073652
137500.0,149914.8502934515,-12414.850293451513,9.0289820316011
186300.0,146016.96310597128,40283.036894028715,21.622671440702476
192900.0,277992.3464614138,-85092.34646141378,44.11215472338713
84500.0,98611.6635125252,-14111.663512525207,16.700193505946988
107600.0,210972.96056579184,-103372.96056579184,96.07152468939762
55500.0,10688.882708551857,44811.11729144814,80.74075187648315
265300.0,221659.52572821098,43640.47427178902,16.449481444323037
388300.0,327211.4675072077,61088.53249279229,15.732302985524669
482700.0,343393.1802657854,139306.81973421457,28.859917077732455
198100.0,293684.03090707154,-95584.03090707154,48.25039419842077
92700.0,78635.89195525527,14064.108044744731,15.171637588721392
346200.0,306839.60634206847,39360.393657931534,11.369264488137357
38800.0,40154.74815936145,-1354.7481593614502,3.491618967426418
56700.0,63943.21466971192,-7243.214669711917,12.774629047110963
123700.0,202365.0159461376,-78665.0159461376,63.59338394998998
93800.0,104674.49882910523,-10874.498829105229,11.593282333800884
93200.0,117617.18209300442,-24417.18209300442,26.19869323283736
44000.0,49655.932115551404,-5655.932115551404,12.854391171707737
69200.0,136362.02052201354,-67162.02052201354,97.05494295088661
301800.0,294033.03720429464,7766.96279570536,2.573546320644586
254200.0,182063.82276511955,72136.17723488045,28.377725112069413
209800.0,270538.56720486726,-60738.56720486726,28.95069933501776
184500.0,162056.27008982928,22443.729910170718,12.164623257545104
73400.0,102174.26954082782,-28774.269540827823,39.202002099220465
339000.0,319624.32656228845,19375.67343771155,5.715537887230545
93100.0,128068.9308143649,-34968.930814364896,37.56061311961858
202300.0,176671.23972557925,25628.760274420754,12.668690199911396
133300.0,125401.89887572761,7898.101124272391,5.925057107481163
270700.0,293038.1610200081,-22338.16102000809,8.25199889915334
240200.0,281299.83551353595,-41099.835513535945,17.11067257016484
139300.0,126813.77963059489,12486.220369405113,8.963546568130017
57000.0,77470.89807023837,-20470.89807023837,35.913856263576086
170700.0,116161.6510520787,54538.3489479213,31.949823636743584
119200.0,167374.58937074058,-48174.58937074058,40.414923968742094
177300.0,224824.55970050427,-47524.559700504265,26.804602199946004
289600.0,274975.44448684994,14624.555513150059,5.049915577745185
297600.0,228878.07784014597,68721.92215985403,23.09204373651009
109900.0,143656.47590543944,-33756.47590543944,30.715628667369828
147500.0,137834.01295162406,9665.987048375944,6.55321155822098
78700.0,89645.77242505537,-10945.772425055373,13.908224174149138
160300.0,235536.60620554743,-75236.60620554743,46.93487598599341
77700.0,130641.11546708609,-52941.115467086085,68.13528374142354
473500.0,392166.1391754309,81333.86082456913,17.177161736973417
500001.0,487780.4432425562,12220.556757443817,2.444106463275837
133100.0,120223.48946825061,12876.510531749387,9.67431294646836
93500.0,103886.12406534539,-10386.124065345386,11.1081540805833
280100.0,340288.0800684204,-60188.080068420386,21.488068571374647
256700.0,202981.7515745495,53718.248425450496,20.926469974854108
288000.0,281509.26199051586,6490.738009484136,2.253728475515325
161100.0,178137.3992703752,-17037.3992703752,10.575666834497332
137000.0,171141.11555563554,-34141.11555563554,24.920522303383606
62000.0,56735.899776774866,5264.100223225134,8.49048423100828
443800.0,367980.4982416655,75819.50175833452,17.08415992752017
68300.0,46550.683676677814,21749.316323322186,31.843801351862645
262100.0,260104.10267461668,1995.8973253833246,0.7615022225804368
109400.0,82558.11215256414,26841.887847435864,24.53554647846057
409300.0,315444.3637100108,93855.63628998923,22.930768700217254
175200.0,140513.31364960026,34686.686350399745,19.798336957990724
147700.0,207399.23537733557,-59699.23537733557,40.419252117356514
287500.0,198611.2885871595,88888.7114128405,30.917812665335827
93200.0,160867.93540264032,-67667.93540264032,72.60508090412051
93800.0,128450.00333562368,-34650.00333562368,36.940302063564694
172400.0,181178.78367765987,-8778.78367765987,5.0921019011948205
318600.0,277555.63633361226,41044.36366638774,12.882725570115424
185200.0,199895.02448758017,-14695.024487580173,7.9346784490173725
65200.0,89044.38908224239,-23844.389082242385,36.57114889914476
179700.0,114355.13361181482,65344.86638818518,36.3633090640986
159200.0,152499.0932273534,6700.906772646587,4.209112294375997
151900.0,206883.8226309748,-54983.82263097481,36.19738158721186
71700.0,120445.96947266988,-48745.96947266988,67.98601042213373
245200.0,151491.6044321726,93708.39556782739,38.21712706681378
228300.0,416307.89823781693,-188007.89823781693,82.35124758555276
196400.0,149704.89789929247,46695.10210070753,23.775510234576135
192400.0,103721.53421809393,88678.46578190607,46.09067868082436
65900.0,45393.42366866395,20506.57633133605,31.117718256959108
282300.0,236830.04717820254,45469.95282179746,16.106961679701545
185300.0,177553.6073240562,7746.392675943789,4.180460159710626
88600.0,140261.56210969033,-51661.562109690334,58.30876084615162
67500.0,68272.39613063846,-772.396130638459,1.144290563908828
143400.0,102733.24570168479,40666.75429831521,28.358963945826503
119400.0,138372.6718010516,-18972.67180105159,15.890009883627798
215800.0,279670.4961759861,-63870.496175986074,29.597078858195587
257400.0,290042.7785216101,-32642.778521610075,12.681732137377653
373400.0,270791.6804884936,102608.31951150642,27.47946425053734
152300.0,163706.47407584038,-11406.474075840379,7.489477397137478
245700.0,300182.74216138804,-54482.74216138804,22.17449823418317
80000.0,75011.76496311839,4988.235036881611,6.235293796102014
137200.0,139788.59927821328,-2588.5992782132817,1.886734167793937
266900.0,283560.76944115164,-16660.769441151642,6.242326504740219
395300.0,316827.0645494971,78472.9354505029,19.851488856691855
222100.0,262488.2043028704,-40388.20430287038,18.18469351772642
500001.0,278175.6046204157,221825.39537958428,44.364990345936164
500001.0,316164.26612675784,183836.73387324216,36.76727324010195
232900.0,245181.00809826487,-12281.008098264865,5.273082051637984
259700.0,284359.721958606,-24659.72195860598,9.495464751099723
215700.0,185567.6001635256,30132.39983647439,13.969587314081775
243200.0,269462.10181571095,-26262.10181571095,10.79856160185483
221400.0,196315.56688049776,25084.43311950224,11.329915591464426
112500.0,83919.54781336748,28580.452186632523,25.404846388117797
388500.0,208556.4487634828,179943.5512365172,46.317516405795935
410000.0,264645.17658635875,145354.82341364125,35.452395954546645
163000.0,270466.6772597514,-107466.67725975142,65.93047684647327
500000.0,290211.61301023787,209788.38698976213,41.95767739795242
231300.0,164568.9228899544,66731.07711004559,28.850444059682484
76100.0,143947.93776618806,-67847.93776618806,89.15629141417615
458600.0,242211.0985954711,216388.9014045289,47.18467104329021
366300.0,392911.66194383346,-26611.66194383346,7.26499097565751
296800.0,239783.6972788567,57016.30272114329,19.210344582595447
58600.0,32179.386796985607,26420.613203014393,45.08637065360818
84800.0,75013.94872381809,9786.051276181912,11.540154806818293
117300.0,187214.39994866305,-69914.39994866305,59.60306900994292
126600.0,113560.47843479719,13039.521565202813,10.2997800673008
170800.0,234359.4002980913,-63559.40029809129,37.212763640568674
149300.0,141944.02263787674,7355.97736212326,4.926977469607006
119000.0,109251.27499589456,9748.725004105436,8.192205885802888
375000.0,243470.13919277914,131529.86080722086,35.07462954859223
284900.0,303648.275274828,-18748.275274828018,6.5806512021158365
170100.0,144249.41871696885,25850.581283031148,15.197284704897795
500001.0,290684.5725297099,209316.4274702901,41.86320176765449
98700.0,117132.4965415147,-18432.4965415147,18.675275118049342
60800.0,91606.44879797832,-30806.448797978315,50.66850131246433
142800.0,143458.61776828655,-658.6177682865527,0.4612169245704151
223900.0,226057.2776617759,-2157.277661775908,0.9635005188816026
137500.0,235438.8918309668,-97938.89183096681,71.22828496797587
297800.0,298087.44565697183,-287.44565697183134,0.09652305472526237
112700.0,202714.55104996453,-90014.55104996453,79.87094148177864
113300.0,49490.58310579698,63809.41689420302,56.31899108049693
121400.0,139434.79009839208,-18034.790098392084,14.855675534095623
248400.0,282609.50870581623,-34209.50870581623,13.771943923436487
407800.0,334405.87653578905,73394.12346421095,17.99757809323466
356600.0,316380.4602319137,40219.53976808628,11.278614629300696
106300.0,31855.257908506668,74444.74209149333,70.03268305878959
121400.0,138543.72299414407,-17143.722994144075,14.121682861733175
240900.0,206457.65054840568,34442.34945159432,14.297363823824954
247100.0,201583.43024886175,45516.569751138246,18.420303420128793
137900.0,104965.6485467467,32934.3514532533,23.882778428755113
86300.0,79424.15771185572,6875.842288144282,7.967372292171822
500001.0,326599.3266927857,173401.67330721428,34.680265300912254
216300.0,259895.23711563248,-43595.23711563248,20.15498710847549
305600.0,285800.3615644926,19799.638435507426,6.47893927863463
158300.0,198203.32187310356,-39903.32187310356,25.20740484719113
452100.0,306331.0438993099,145768.95610069012,32.242635722338
95000.0,176463.18675138394,-81463.18675138394,85.75072289619362
105700.0,77326.31034793673,28373.689652063273,26.84360421198039
84600.0,134636.921686422,-50036.92168642199,59.14529750168084
240100.0,220813.73173935962,19286.268260640383,8.03259819268654
162500.0,152779.67961074534,9720.320389254659,5.981735624156713
96600.0,120532.83907011071,-23932.839070110713,24.77519572475229
92200.0,64508.869279363134,27691.130720636866,30.03376433908554
228200.0,236324.39957393846,-8124.399573938455,3.5602101551001115
113700.0,181814.6952599045,-68114.69525990449,59.90738369384739
69000.0,39286.14729221031,29713.852707789687,43.06355464897056
500001.0,362002.40190655587,137998.59809344413,27.599664419359986
225000.0,199113.01875114022,25886.98124885978,11.505324999493237
174000.0,152001.4321012826,21998.56789871739,12.642855114205394
500001.0,386182.2332706841,113818.76672931592,22.763707818447546
253000.0,280371.04404540756,-27371.044045407558,10.818594484350813
277600.0,381285.74635546305,-103685.74635546305,37.35077318280369
285200.0,286955.22403102857,-1755.2240310285706,0.6154361960128228
90300.0,161704.38567861283,-71404.38567861283,79.07462422880712
189900.0,186158.2339925616,3741.7660074383894,1.9703875763235332
316600.0,303006.82017655164,13593.179823448358,4.293486994140353
301900.0,299705.3376387876,2194.662361212424,0.7269501030846055
93100.0,86960.29665081223,6139.703349187766,6.594740439514251
94200.0,142399.89288430655,-48199.89288430655,51.1676145268647
213800.0,245293.2242005172,-31493.2242005172,14.730226473581478
187500.0,216505.01219152185,-29005.012191521848,15.46933983547832
500001.0,320439.77127523086,179561.22872476914,35.91217392060599
325700.0,308030.63289798546,17669.36710201454,5.425043629725066
300000.0,228318.59098896204,71681.40901103796,23.89380300367932
143900.0,219431.02778498532,-75531.02778498532,52.488553012498485
500001.0,460881.67154012714,39119.328459872864,7.823850044274485
264100.0,314685.4133668534,-50585.413366853376,19.153886166926686
62300.0,125469.49896985425,-63169.49896985425,101.39566447809672
138800.0,91822.10804629739,46977.89195370261,33.84574348249467
105400.0,177642.13305858354,-72242.13305858354,68.54092320548723
63500.0,55497.14658121552,8002.853418784478,12.602918769739336
500001.0,126698.43695943302,373302.563040567,74.66036328738682
97800.0,110192.37556074068,-12392.375560740678,12.671140655154067
127400.0,170340.526368718,-42940.52636871801,33.70527972426846
135300.0,204542.52520993864,-69242.52520993864,51.177032675490494
156100.0,105939.83937234986,50160.16062765014,32.13335081848183
446800.0,382962.77968004986,63837.22031995014,14.287650026846494
65000.0,61904.42048186046,3095.579518139537,4.76243002790698
151800.0,197868.0561660529,-46068.056166052906,30.34786308699137
192200.0,233992.42374263494,-41792.42374263494,21.744237118956786
153100.0,199817.7964002205,-46717.79640022051,30.514563292110065
165800.0,226228.82381639074,-60428.82381639074,36.44681774209333
254200.0,244542.14415417315,9657.855845826853,3.799313865392153
234200.0,244283.44961448148,-10083.449614481477,4.30548659883923
112500.0,114271.49000665982,-1771.4900066598202,1.574657783697618
118700.0,139487.2417644204,-20787.24176442041,17.51241934660523
240900.0,217995.19615685288,22904.80384314712,9.508013218408934
283300.0,324900.26785148476,-41600.267851484765,14.684175026997798
450000.0,62878.51919890617,387121.48080109386,86.02699573357641
52100.0,57405.08936858529,-5305.089368585293,10.182513183465055
55900.0,65690.23279538646,-9790.232795386459,17.513833265449836
88100.0,92723.99333619258,-4623.99333619258,5.248573593862179
248900.0,181360.3522816821,67539.6477183179,27.13525420583282
68600.0,170757.6179580818,-102157.6179580818,148.91781043452156
156300.0,172574.90060662653,-16274.900606626528,10.412604354847426
272700.0,278770.1092566496,-6070.109256649623,2.2259293203702324
340400.0,284795.72132857767,55604.27867142233,16.334981983379063
218800.0,190805.24484166576,27994.755158334243,12.794677860299014
70100.0,82367.94712494442,-12267.947124944418,17.500637838722422
500001.0,301733.53164195886,198267.46835804114,39.6534143647795
162500.0,495493.58050569857,-332993.58050569857,204.91912646504525
111800.0,130461.06412069147,-18661.064120691473,16.691470590958385
110200.0,109130.66159257691,1069.3384074230853,0.9703615312369195
74200.0,67481.49012742314,6718.509872576862,9.05459551560224
103200.0,140763.45592898433,-37563.45592898433,36.39869760560497
172100.0,188521.48548052637,-16421.485480526375,9.541827705128632
132000.0,127459.56769200753,4540.432307992465,3.4397214454488374
166300.0,146936.3298553671,19363.670144632895,11.643818487452132
107300.0,144691.7930954474,-37391.793095447414,34.84789664067793
107900.0,92271.1549734593,15628.845026540701,14.48456443608962
94600.0,64557.659284163645,30042.340715836355,31.75723120067268
66100.0,95018.55346309663,-28918.55346309663,43.74970266731714
158200.0,210255.32403374463,-52055.32403374463,32.90475602638725
95800.0,48479.01477611557,47320.98522388443,49.395600442468094
117000.0,90480.26604693796,26519.733953062037,22.6664392761214
170900.0,207694.03742546312,-36794.03742546312,21.529571343161567
92900.0,133425.96451319222,-40525.964513192215,43.623212608387746
162500.0,169034.39384712244,-6534.393847122439,4.02116544438304
193800.0,155860.87266642216,37939.12733357784,19.576433092661425
134600.0,119212.93264617599,15387.067353824008,11.431699371340272
123100.0,74510.35734376355,48589.64265623645,39.47168371749509
115700.0,147162.05476925467,-31462.054769254668,27.192787181724
83500.0,111286.78009937721,-27786.78009937721,33.277580957337975
62200.0,25020.985215303226,37179.014784696774,59.77333566671506
74400.0,82116.31936157912,-7716.319361579124,10.37139699136979
180100.0,204538.11439379797,-24438.114393797965,13.56919177889948
195800.0,282326.3374347301,-86526.33743473009,44.19118357238513
500001.0,424011.34187963523,75989.65812036477,15.197901228270497
144300.0,123472.86684434643,20827.133155653573,14.433217710085636
125400.0,108930.56935219106,16469.430647808942,13.133517263005537
80800.0,114002.43616518774,-33202.43616518774,41.092123966816516
65900.0,111906.94181748356,-46006.94181748356,69.8132652769098
157900.0,238174.862519832,-80274.86251983201,50.839051627506024
500001.0,258351.6831186607,241649.3168813393,48.329766716734426
180800.0,211105.90669859163,-30305.90669859163,16.762116536831652
236200.0,296733.33094583754,-60533.330945837544,25.627997860219114
103000.0,156147.2767985054,-53147.276798505394,51.59929786262659
216900.0,196900.5843722586,19999.4156277414,9.220569676229323
383300.0,190505.58866010827,192794.41133989173,50.29856805110663
500001.0,218688.11700650377,281312.88299349626,56.2624640737711
83500.0,108194.93978064122,-24694.939780641216,29.57477818040864
214400.0,201961.61934622025,12438.38065377975,5.801483513889809
100000.0,111814.62118078602,-11814.621180786024,11.814621180786023
78800.0,62195.08923784213,16604.910762157873,21.072221779388165
97600.0,134766.8160937827,-37166.81609378269,38.080754194449476
178400.0,231368.8376928537,-52968.8376928537,29.691052518415756
287100.0,299291.10507785605,-12191.105077856046,4.246292259789636
270100.0,337662.6659143595,-67562.6659143595,25.013945173772495
185500.0,261877.70953912567,-76377.70953912567,41.17396740653675
90600.0,139972.94203070062,-49372.94203070062,54.49552100518833
213600.0,168052.68887844184,45547.31112155816,21.32364752881936
124300.0,103041.7080209238,21258.291979076195,17.10240706281271
205000.0,78021.8226616989,126978.1773383011,61.94057431136639
256700.0,228249.5139043138,28450.48609568621,11.083165600189409
392700.0,370433.6196666906,22266.38033330941,5.670073932597253
133300.0,175113.41825014306,-41813.41825014306,31.367905664023304
187100.0,231918.37862842897,-44818.37862842897,23.954237642131996
255400.0,316135.6738367914,-60735.67383679142,23.780608393418724
347400.0,275871.11056310916,71528.88943689084,20.58977819139057
171700.0,170010.14018158286,1689.8598184171424,0.9841932547566351
112500.0,206665.04539487162,-94165.04539487162,83.70226257321922
82600.0,123053.4533936132,-40453.45339361321,48.97512517386587
48600.0,63759.40589825096,-15159.40589825096,31.192193206277697
134100.0,203045.73697572658,-68945.73697572658,51.413674105687235
225800.0,212385.93956152664,13414.06043847336,5.940682213672878
500001.0,422326.9453697059,77674.0546302941,15.534779856499107
470000.0,311039.19783841097,158960.80216158903,33.8214472684232
225800.0,267641.633104863,-41841.633104862995,18.53039552916873
158000.0,176383.22424604237,-18383.224246042373,11.634952054457198
117100.0,122112.72177661615,-5012.721776616148,4.280718852789196
416300.0,368028.0526510716,48271.94734892843,11.595471378555953
120800.0,105349.91959930774,15450.080400692255,12.789801656202199
226300.0,262065.6549841671,-35765.65498416711,15.804531588231157
122200.0,150879.55962132884,-28679.559621328837,23.469361392249457
100000.0,98254.12984317791,1745.8701568220858,1.745870156822086
229500.0,197070.41131467914,32429.588685320865,14.130539732165953
195800.0,81521.91355573025,114278.08644426975,58.36470196336555
85000.0,32083.16625468884,52916.83374531116,62.255098523895484
264700.0,202727.22425823362,61972.77574176638,23.41245777928462
455500.0,388015.6568187806,67484.34318121942,14.815443069422486
176000.0,175028.101815991,971.8981840090128,0.5522148772778482
81100.0,76338.67005274422,4761.329947255785,5.870937049637219
166400.0,267708.68840258074,-101308.68840258074,60.88262524193554
82600.0,109015.12800766504,-26415.128007665044,31.97957385915865
272200.0,239427.63863727072,32772.36136272928,12.03980946463236
271100.0,263953.3599147119,7146.640085288091,2.636163808663995
239400.0,287603.4002158578,-48203.40021585778,20.1350878094644
171800.0,247358.89344828206,-75558.89344828206,43.980729597370235
121800.0,82142.75157378693,39657.248426213075,32.55931726290072
173600.0,207505.43869989688,-33905.438699896884,19.530782661230926
239300.0,244329.73561350052,-5029.735613500525,2.1018535785626935
58800.0,68378.72172733987,-9578.721727339871,16.290343073707263
287500.0,258703.2843412254,28796.7156587746,10.016248924791165
70700.0,102391.04498058632,-31691.044980586317,44.82467465429465
181700.0,171598.0985334953,10101.9014665047,5.559659585308035
113700.0,135269.3376967851,-21569.337696785107,18.9703937526694
224100.0,264431.2942439215,-40331.294243921526,17.9970076947441
351300.0,393603.0098917448,-42303.00989174482,12.041847393038662
301300.0,279136.117727095,22163.88227290497,7.356084391936599
80700.0,248282.48048685736,-167582.48048685736,207.66106627863365
152600.0,129618.73752604524,22981.26247395476,15.059805028803908
237400.0,280577.27984291443,-43177.27984291443,18.187565224479542
179400.0,228819.86293409916,-49419.86293409916,27.547303753678463
500001.0,372385.00265978556,127615.99734021444,25.523148421746043
170200.0,227547.489537428,-57347.48953742799,33.69417716652644
165300.0,168910.54458276357,-3610.5445827635704,2.1842374971346463
225900.0,238503.54654260486,-12603.546542604861,5.579259204340355
159700.0,110194.11216062377,49505.88783937623,30.99930359384861
363500.0,312656.80895475333,50843.19104524667,13.987122708458505
132100.0,203617.8464691853,-71517.84646918529,54.13917219468984
376800.0,270479.67768211936,106320.32231788064,28.216646050392953
96900.0,94645.81791440918,2254.1820855908154,2.326297301951306
316200.0,335555.14317904133,-19355.143179041333,6.121171150866962
323800.0,265598.0969627381,58201.903037261916,17.9746457805009
387500.0,320172.6755627259,67327.32443727407,17.3747934031675
149100.0,171290.05262517818,-22190.052625178185,14.882664403204684
500001.0,661466.7226808146,-161465.72268081456,32.29307995000301
225000.0,152358.10509229067,72641.89490770933,32.28528662564859
178800.0,212658.83250560885,-33858.83250560885,18.93670721790204
87500.0,149421.27093104718,-61921.270931047184,70.76716677833964
130100.0,134455.7926121547,-4355.792612154706,3.3480342906646476
500001.0,372061.50257341715,127939.49742658285,25.587848309619947
349000.0,305791.66158411093,43208.33841588907,12.380612726615778
73000.0,104656.9533138834,-31656.953313883394,43.365689471073146
244700.0,249194.24029642902,-4494.240296429023,1.8366327325006224
275400.0,171568.5946405498,103831.4053594502,37.70203535201532
246200.0,250165.51526383692,-3965.515263836918,1.6106885718265307
236200.0,207197.6841424818,29002.315857518202,12.278711201320155
232200.0,311162.4753046896,-78962.47530468961,34.006233981347805
53300.0,95257.6374817803,-41957.6374817803,78.71977013467223
163100.0,150183.6867871083,12916.313212891691,7.919260093741073
72400.0,107220.69284336726,-34820.69284336726,48.09487961791058
234500.0,226994.07188670035,7505.928113299655,3.2008222231555026
150000.0,160867.91352557339,-10867.913525573385,7.24527568371559
116100.0,153597.71075198875,-37497.71075198875,32.29776981222115
181300.0,213862.31154202708,-32562.311542027077,17.960458655282448
121000.0,154745.62484016034,-33745.62484016034,27.888946148892842
88700.0,181730.18468424102,-93030.18468424102,104.881831662053
182500.0,253652.42679993992,-71152.42679993992,38.98763112325475
197400.0,236115.13921950565,-38715.139219505654,19.612532532677637
128100.0,171881.17259842952,-43781.17259842952,34.177340045612425
76500.0,96103.84700953205,-19603.84700953205,25.62594380330987
300000.0,310445.40443664556,-10445.404436645564,3.4818014788818545
500001.0,456888.8272840269,43112.17271597311,8.622417298360025
160300.0,191699.86127039453,-31399.861270394525,19.588185446284793
335600.0,304314.2671255444,31285.73287445563,9.322328031720986
157600.0,189274.41171817953,-31674.41171817953,20.09797697854031
190600.0,239355.0756690144,-48755.07566901439,25.579787864120878
180800.0,221548.870013607,-40748.870013607,22.538091821685285
104200.0,94790.2438413424,9409.756158657605,9.03047615994012
111800.0,123819.30964357032,-12019.30964357032,10.75072418924
194100.0,230501.17400563703,-36401.17400563703,18.753824835464723
253800.0,291560.65138588136,-37760.651385881356,14.878113233207785
129500.0,213578.54052261153,-84078.54052261153,64.92551391707454
117600.0,136377.0531977674,-18777.05319776741,15.966881970890656
339800.0,325509.1683462183,14290.8316537817,4.205659697993438
342900.0,284956.1197938628,57943.8802061372,16.898186120191657
195500.0,202738.65049611466,-7238.650496114657,3.7026345248668315
83800.0,56588.19074501525,27211.80925498475,32.472326079934064
94200.0,121985.01399104041,-27785.01399104041,29.49576856798345
140600.0,91281.88859641814,49318.11140358186,35.07689289017202
160900.0,228139.99274196106,-67239.99274196106,41.789927123655104
169300.0,186051.79654353485,-16751.796543534845,9.894741018035939
275900.0,276627.29513886553,-727.2951388655347,0.26360824170552183
146200.0,139717.84915326245,6482.150846737553,4.4337557091228135
202300.0,131471.39491581992,70828.60508418008,35.011668355996086
154000.0,213598.7118488155,-59598.711848815496,38.70046223949058
135500.0,151173.23292643102,-15673.232926431025,11.566961569321789
235900.0,248483.76329293434,-12583.763292934338,5.334363413706799
128800.0,103592.86879958809,25207.13120041191,19.570754037586887
249600.0,207138.80820445943,42461.191795540566,17.011695430905675
300000.0,231920.83240828832,68079.16759171168,22.693055863903894
134100.0,181428.68926935288,-47328.68926935288,35.29357887349208
308600.0,263354.4629625204,45245.537037479575,14.661547970667394
350000.0,274673.7916424874,75326.2083575126,21.521773816432173
110800.0,216357.77769862427,-105557.77769862427,95.26875243558148
190800.0,184712.79895748344,6087.2010425165645,3.1903569405223084
108800.0,59738.59097570469,49061.40902429531,45.093206823800834
144400.0,161053.91477819145,-16653.91477819145,11.53318197935696
162900.0,198558.69287544416,-35658.69287544416,21.889928100334046
163900.0,165935.92183652997,-2035.9218365299748,1.2421731766503812
98000.0,144453.55904459354,-46453.55904459354,47.40159086183014
132700.0,131704.50173392502,995.4982660749811,0.750187088225306
283100.0,243016.1262928794,40083.8737071206,14.158909822366866
407200.0,303300.54549285705,103899.45450714295,25.515583130437857
248200.0,298291.3622811687,-50091.362281168695,20.181854263162247
64500.0,92781.38566259474,-28281.385662594737,43.847109554410444
500001.0,277260.9348944575,222740.06510554248,44.54792392526065
194400.0,325294.1631304575,-130894.16313045751,67.33238844159337
137500.0,176786.3186307321,-39286.3186307321,28.57186809507789
127300.0,127979.09310744714,-679.0931074471446,0.5334588432420617
85300.0,89063.65280817295,-3763.6528081729484,4.4122541713633625
194900.0,195453.3815574467,-553.3815574467008,0.2839310197263729
221100.0,216068.6250562358,5031.374943764211,2.275610558011855
192200.0,234378.27491290934,-42178.27491290934,21.944992150317034
404500.0,239015.65492121028,165484.34507878972,40.91083932726569
73500.0,86255.49018476876,-12755.490184768758,17.35440841465137
233700.0,196665.26000318196,37034.73999681804,15.847128796242208
118800.0,113956.18278854399,4843.817211456015,4.077287215030315
70000.0,110036.15280979077,-40036.15280979077,57.194504013986815
182800.0,201647.15265057824,-18847.15265057824,10.310258561585469
500001.0,472380.1750573091,27620.824942690902,5.5241539402303
157700.0,221356.80016345446,-63656.80016345446,40.36575787156275
247900.0,245721.00646795885,2178.993532041146,0.8789808519730319
500001.0,385325.5353855658,114675.46461443423,22.93504705279274
357900.0,243322.30884842464,114577.69115157536,32.01388408817417
56900.0,2130.7131169531785,54769.28688304682,96.25533722855329
302400.0,335213.7172902399,-32813.717290239874,10.851096987513186
125400.0,150847.1394046501,-25447.13940465011,20.292774644856546
386400.0,237499.447356635,148900.552643365,38.53533971101579
175600.0,207651.55017737063,-32051.550177370635,18.252591217181454
110500.0,138639.8793017703,-28139.8793017703,25.46595411924914
386700.0,397957.34555405006,-11257.345554050058,2.911131511261975
137500.0,180248.32457421007,-42748.32457421007,31.089690599425506
228700.0,272571.79649092373,-43871.796490923734,19.18312045952065
149400.0,151471.59755643056,-2071.5975564305554,1.3866114835545886
73700.0,112792.51867437329,-39092.51867437329,53.04276617961098
500001.0,304331.46100554866,195669.53899445134,39.13382953123121
132100.0,125378.6831720482,6721.3168279517995,5.088052102915821
86500.0,122298.44838289649,-35798.44838289649,41.38548945999594
417900.0,269123.19196631236,148776.80803368764,35.60105480585969
172600.0,178175.9230730182,-5575.923073018203,3.230546392246931
99700.0,86049.41088681357,13650.589113186434,13.691664105502943
72500.0,199917.32586322955,-127417.32586322955,175.74803567342005
180800.0,260623.34153596312,-79823.34153596312,44.15007828316544
308400.0,250722.04831402245,57677.95168597755,18.702318964324753
288300.0,273303.0560431327,14996.943956867326,5.201853609735458
302200.0,252903.0488842165,49296.95111578351,16.3126906405637
288800.0,341975.35541889514,-53175.35541889514,18.412519189368123
100000.0,68339.45059659396,31660.54940340604,31.66054940340604
233000.0,195034.84043530608,37965.159564693924,16.294059899010268
136900.0,213792.71433039635,-76892.71433039635,56.16706671321866
209400.0,218371.8532604685,-8971.853260468488,4.284552655429078
246600.0,285512.1031825169,-38912.103182516876,15.779441679852749
65200.0,66550.32108632848,-1350.3210863284767,2.0710446109332463
491200.0,380253.0325089218,110946.96749107819,22.58692334916087
356700.0,316286.5489950212,40413.45100497879,11.329815252306922
164300.0,208220.89176066563,-43920.89176066563,26.732131321159848
88200.0,94643.12922091022,-6443.129220910225,7.305135171100028
155900.0,122418.41641987686,33481.583580123144,21.476320449084763
191700.0,164542.82379984835,27157.176200151647,14.166497756990948
84400.0,140719.3493452134,-56319.34934521341,66.72908690191163
190100.0,237925.32960676347,-47825.329606763466,25.157985064052323
112500.0,82309.92297962717,30190.07702037283,26.835624018109183
115200.0,170810.36259213678,-55610.36259213678,48.272884194563176
174600.0,235242.5731528131,-60642.5731528131,34.73228702910258
113500.0,165119.26238775533,-51619.26238775533,45.47952633282408
152400.0,211041.84300271512,-58641.84300271512,38.47889960808079
250300.0,221887.86600448788,28412.133995512122,11.351232119661256
183700.0,230416.65071815508,-46716.650718155084,25.430947587455137
500001.0,206252.7093806134,293748.2906193866,58.74954062479607
310900.0,289721.77025773923,21178.229742260766,6.811910499279758
230600.0,211644.1360121903,18955.863987809687,8.220235901044964
68500.0,109623.36893099619,-41123.36893099619,60.03411522773167
267400.0,234138.06357844648,33261.93642155352,12.439018856227941
145300.0,186913.92725123375,-41613.92725123375,28.640004990525636
282000.0,297171.7999478093,-15171.799947809312,5.3800709034784795
282100.0,146025.42449994053,136074.57550005947,48.23629049984384
189800.0,261993.2656071171,-72193.2656071171,38.03649399742734
254400.0,250288.98708853536,4111.012911464641,1.6159641947581134
161700.0,205114.56928906546,-43414.56928906546,26.848836913460396
188800.0,206185.1364093581,-17385.136409358092,9.208229030380345
500001.0,290258.8391002281,209742.1608997719,41.948348283257815
94400.0,69914.36783002145,24485.632169978548,25.938169671587445
342800.0,265161.03632769245,77638.96367230755,22.64847248317023
191500.0,264677.010779809,-73177.01077980897,38.212538266218786
209600.0,195128.2327365096,14471.767263490387,6.904469114260681
235000.0,240538.9801483868,-5538.980148386792,2.357012829100763
231400.0,321295.04259725567,-89895.04259725567,38.848333015235816
130200.0,201339.51362620437,-71139.51362620437,54.63864333809859
208200.0,227276.00858121942,-19076.008581219416,9.16234802171922
500001.0,451698.8933055862,48302.106694413815,9.660402018078727
168600.0,197484.1745310723,-28884.17453107229,17.13177611570124
228100.0,227198.68732055323,901.312679446768,0.39513927200647436
126900.0,186291.16931405576,-59391.16931405576,46.8015518629281
135500.0,175467.94719406325,-39967.94719406325,29.496639995618633
156700.0,200316.08007620633,-43616.08007620633,27.83412895737481
208600.0,198255.07449877216,10344.925501227845,4.959216443541632
436700.0,240333.6702980359,196366.3297019641,44.96595596564325
71000.0,71256.73518250437,-256.73518250437337,0.36159884859770897
88800.0,87119.0915106507,1680.9084893492982,1.8929149654834438
341600.0,371781.4882587916,-30181.48825879162,8.835330286531505
120200.0,155698.80053136294,-35498.80053136294,29.5331119229309
148200.0,167086.41535790818,-18886.415357908176,12.743870012083788
500001.0,343994.35866802774,156006.64133197226,31.201265863862726
375000.0,236864.13562769236,138135.86437230764,36.83623049928204
137500.0,180422.52549559146,-42922.52549559146,31.21638217861197
64800.0,76098.94583535148,-11298.945835351478,17.43664480764117
231800.0,259685.21567744366,-27885.21567744366,12.029860085178456
160700.0,166069.67198142654,-5369.671981426538,3.341426248554162
251000.0,221614.03962960964,29385.960370390356,11.707553932426437
142500.0,165924.12224536305,-23424.122245363047,16.43798052306179
176500.0,180570.3932018764,-4070.3932018764026,2.306171785765667
177100.0,263539.31092984654,-86439.31092984654,48.80819363627699
311800.0,254014.31132975317,57785.68867024683,18.532934146968195
84600.0,138600.17248119874,-54000.17248119874,63.82999111252806
122600.0,105250.89936364905,17349.10063635095,14.150979311868639
198200.0,247982.8612386379,-49782.86123863791,25.117488011421752
500000.0,305872.148282103,194127.851717897,38.82557034357939
279800.0,322360.17298936524,-42560.17298936524,15.210926729580143
195000.0,243394.0314986494,-48394.03149864939,24.81745205058943
202800.0,157005.35407008088,45794.64592991912,22.581186355975895
354100.0,272551.4927350504,81548.50726494961,23.029795895213105
259500.0,228634.5808266902,30865.419173309812,11.894188506092414
500001.0,251788.00498589547,248212.99501410453,49.64249971782147
272400.0,301096.26267403294,-28696.262674032943,10.534604505885808
183900.0,212669.61852281605,-28769.618522816047,15.644164503978274
285800.0,235178.28179847606,50621.71820152394,17.71228768422811
225000.0,172431.26592184475,52568.73407815525,23.363881812513444
292600.0,260094.5882615717,32505.411738428287,11.109163273557172
55200.0,36326.20685647204,18873.79314352796,34.19165424552167
262000.0,193858.9552904996,68141.04470950039,26.00803233187038
158900.0,251545.19372746377,-92645.19372746377,58.30408667555933
172100.0,242831.46007030742,-70731.46007030742,41.09904710651216
191700.0,230858.09421512502,-39158.09421512502,20.426757545709453
225000.0,200497.14360152956,24502.856398470438,10.890158399320194
108300.0,157795.7799569443,-49495.77995694429,45.70247456781559
113600.0,105527.2931167165,8072.706883283507,7.106256059228438
100000.0,155642.7161336774,-55642.7161336774,55.6427161336774
191700.0,151894.35907042382,39805.640929576184,20.764549259038176
117200.0,88469.10915359664,28730.89084640336,24.514411984985802
110600.0,82104.91196518105,28495.088034818953,25.7640940640316
80200.0,114300.72944350082,-34100.72944350082,42.519612772444916
98100.0,172864.83028196223,-74764.83028196223,76.21287490516028
253800.0,249026.5150937499,4773.484906250087,1.8808057156225715
48100.0,44446.27538118794,3653.7246188120625,7.596101078611357
192800.0,176222.7061725057,16577.293827494286,8.598181445795792
132800.0,146379.1470233841,-13579.14702338411,10.22526131278924
196300.0,170126.0709226965,26173.929077303503,13.333636819818393
320800.0,233951.9769268172,86848.02307318279,27.072326394383662
319400.0,217784.88627139796,101615.11372860204,31.814374993300575
203700.0,284579.9160156252,-80879.91601562517,39.70540796054255
207100.0,250915.56191297388,-43815.56191297388,21.15671748574306
79900.0,94763.83195503635,-14863.831955036352,18.603043748481042
500001.0,326488.1190792847,173512.88092071528,34.7025067791295
330000.0,206068.6230796494,123931.3769203506,37.554962703136546
139000.0,195009.868152244,-56009.86815224399,40.29486917427625
187500.0,228622.75270582165,-41122.75270582165,21.932134776438215
448300.0,267161.2823119326,181138.7176880674,40.405692100840376
176300.0,222243.48670749433,-45943.48670749433,26.059833640098883
175900.0,153036.43144052598,22863.56855947402,12.998049209479262
104200.0,105327.10752281401,-1127.1075228140107,1.0816770852341755
162200.0,200843.2312360552,-38643.2312360552,23.824433561069792
166800.0,198012.5064439129,-31212.50644391289,18.71253383927631
161200.0,161269.27123474283,-69.27123474283144,0.04297222998934953
153100.0,160774.41103478635,-7674.411034786346,5.012678664132166
156900.0,151448.95576004867,5451.044239951327,3.4742155767694882
158100.0,160009.7452977275,-1909.7452977274952,1.207935039675835
76900.0,180006.92430533032,-103106.92430533032,134.0792253645388
165400.0,212935.02104396583,-47535.021043965826,28.73943231195032
73500.0,158163.60241860204,-84663.60241860204,115.18857471918645
118400.0,152427.08321724308,-34027.08321724308,28.739090555103953
142400.0,84674.94288789063,57725.05711210937,40.53725920794197
280300.0,299673.37177837436,-19373.371778374363,6.911656003701164
107200.0,112948.55044597822,-5748.550445978224,5.362453774233418
183300.0,145882.28881171253,37417.711188287474,20.4133721703696
98800.0,41971.15087431055,56828.84912568945,57.51907806243871
234500.0,194047.78998373123,40452.21001626877,17.250409388600755
143500.0,185192.77163411208,-41692.77163411208,29.054196260705282
108000.0,201319.1982419964,-93319.1982419964,86.40666503888555
97800.0,58764.706789099844,39035.293210900156,39.913387741206705
70500.0,84577.22323064685,-14077.22323064685,19.967692525740212
225900.0,203378.70569552068,22521.29430447932,9.96958579215552
239800.0,236401.59751090757,3398.402489092434,1.4171820221402978
136400.0,213963.1879273156,-77563.1879273156,56.86450727809061
180600.0,221542.52196286144,-40942.52196286144,22.670277941783745
239600.0,255141.12709943875,-15541.127099438745,6.486280091585453
265700.0,269639.37844893226,-3939.378448932257,1.4826414937644927
204200.0,177688.64977051856,26511.35022948144,12.983031454202468
122500.0,202587.2866492539,-80087.28664925389,65.37737685653379
204000.0,289651.22326903715,-85651.22326903715,41.98589375933193
195300.0,203027.80787080413,-7727.8078708041285,3.9568908708674493
215800.0,213647.0881194533,2152.911880546686,0.9976422059993911
500001.0,327536.6332168174,172464.3667831826,34.49280437102778
75800.0,54605.87958642034,21194.120413579658,27.960581020553636
265400.0,311869.1983400953,-46469.19834009529,17.50911768654683
273700.0,362848.3794419563,-89148.37944195629,32.5715672056837
116400.0,150979.50769416543,-34579.507694165426,29.707480836911877
59400.0,54669.22864731352,4730.771352686483,7.96426153650923
137000.0,151940.95470603456,-14940.954706034565,10.905806354769755
119200.0,69845.22659032143,49354.77340967857,41.40501124973034
244200.0,283150.95441598684,-38950.95441598684,15.950431783778393
170000.0,175161.0798851875,-5161.079885187501,3.0359293442279416
280300.0,359489.43099370966,-79189.43099370966,28.251669994188244
285000.0,329498.4115629514,-44498.4115629514,15.613477741386456
102600.0,151804.9029520196,-49204.90295201959,47.95799507994112
120500.0,110847.36701609308,9652.632983906922,8.010483804072134
361600.0,307549.75605726417,54050.24394273583,14.947523214252168
455300.0,423090.48664929246,32209.513350707537,7.0743495169575095
213400.0,239345.97307243082,-25945.973072430817,12.15837538539401
158000.0,263038.5207453617,-105038.52074536169,66.480076421115
217000.0,232467.02978617075,-15467.029786170751,7.1276634959312215
63700.0,49337.80735655391,14362.192643446091,22.546613255017412
244300.0,296477.02232040017,-52177.02232040017,21.35776599279581
151100.0,173046.4717498104,-21946.471749810386,14.524468398286158
110800.0,112747.67797910186,-1947.6779791018635,1.757832111102765
433800.0,428396.021912173,5403.978087826981,1.2457303107023932
72900.0,112359.73883753933,-39459.738837539335,54.12858551102789
108500.0,191184.61677937058,-82684.61677937058,76.2070200731526
452600.0,414681.7608105925,37918.2391894075,8.377869904862461
467600.0,577657.2643698698,-110057.26436986984,23.536626255318613
263300.0,225464.24294606503,37835.75705393497,14.369827973389656
266800.0,206422.40178333793,60377.59821666207,22.6302841891537
500001.0,436252.6147252455,63748.38527475449,12.749651555647787
72300.0,119575.47952387221,-47275.479523872214,65.38793848391731
151500.0,189434.06045233726,-37934.06045233726,25.03898379692228
